ID_geo,Entidad_federativa,Tipo,Año,poblacion_en_situacion_de_pobreza,poblacion_en_situacion_de_pobreza_moderada,poblacion_en_situacion_de_pobreza_extrema,poblacion_vulnerable_por_carencias_sociales,poblacion_vulnerable_por_ingresos,poblacion_no_pobre_y_no_vulnerable,poblacion_con_al_menos_una_carencia_social,poblacion_con_al_menos_tres_carencias_sociales,rezago_educativo,carencia_por_acceso_a_los_servicios_de_salud,carencia_por_acceso_a_la_seguridad_social,carencia_por_calidad_y_espacios_de_la_vivienda,carencia_por_acceso_a_los_servicios_basicos_en_la_vivienda,carencia_por_acceso_a_la_alimentacion,poblacion_con_ingreso_inferior_a_la_linea_de_pobreza_extrema_por_ingresos,poblacion_con_ingreso_inferior_a_la_linea_de_pobreza_por_ingresos,poblacion_total,pib_mn_2013,pib_mn_corr
MX-AGU,Aguascalientes,Miles de personas,2008,435.3,387,48.3,355.7,89,276.6,791,168.7,209.1,268.3,639.9,92.3,39.7,232.6,162.5,524.3,1153.47,150949.983,126346.473
MX-AGU,Aguascalientes,Miles de personas,2010,456.8,411.7,45.1,314,96.9,330.3,770.9,147.2,206.6,236,590.2,82.4,57,242.2,177.9,553.7,1198.51,152205.212,138350.48
MX-AGU,Aguascalientes,Miles de personas,2012,467.6,425.6,42,303.1,125.4,342.2,770.7,119.2,189.7,182.7,589.8,61.1,43,266.3,184,593,1250.96,167705.967,166978.119
MX-AGU,Aguascalientes,Miles de personas,2014,442.9,416.2,26.7,322.4,113.6,395,765.3,101.2,182.8,159,550.2,42.2,45.7,274.5,164.4,556.5,1305.27,190482.862,195180.365
MX-AGU,Aguascalientes,Miles de personas,2016,369.7,339.5,30.2,366.4,139.1,434.8,736,100.1,182.7,159,529.4,71.5,30,225.2,125.3,508.8,1355.32,211672.469,248849.972
MX-AGU,Aguascalientes,Miles de personas,2018,351.5,335.9,15.6,397.8,138,455.3,749.3,77.8,175.5,153.1,568.2,61.5,33.4,174.4,118.8,489.6,1395.79,224807.469,298147.899
MX-BCN,Baja California,Miles de personas,2008,809.7,705.6,104.1,1314.2,168.5,826.2,2124,518,559.9,1016.3,1718.3,249.6,215.2,440.7,236.9,978.3,3064.93,457556.565,395576.586
MX-BCN,Baja California,Miles de personas,2010,1019.8,910.7,109.1,1225.8,205.4,784.3,2245.6,517,547.2,1014.5,1768.3,320.7,214.4,529.4,316.7,1225.2,3183.65,428162.546,393693.175
MX-BCN,Baja California,Miles de personas,2012,1010.1,918.6,91.5,1258.4,288,787.3,2268.6,411.2,488.6,746.3,1862.7,270,147,509.9,365.1,1298.1,3258.39,456024.472,456744.955
MX-BCN,Baja California,Miles de personas,2014,984.9,879.4,105.5,1319.5,226.7,912.9,2304.5,486.9,530.8,666.6,1785.6,366.7,415.6,591.8,334.1,1211.6,3326.22,478121.939,501905.007
MX-BCN,Baja California,Miles de personas,2016,789.1,749.4,39.7,1349.7,238.9,1171.5,2138.8,328.4,472.2,613.8,1525.5,275.6,223,530.6,190.4,1028,3403.34,535552.651,647659.731
MX-BCN,Baja California,Miles de personas,2018,848.4,789.1,59.3,1450.8,246.4,1102.5,2299.2,353.9,511.6,615.1,1650.6,345.4,326.1,516.2,211.1,1094.9,3521.24,565895.378,762863.786
MX-BCS,Baja California Sur,Miles de personas,2008,130.5,114.2,16.4,272.4,28.6,179.6,402.9,106.2,101.2,153.9,314.4,89.8,64.9,94.2,46.9,159.1,589.29,108975.356,92207.468
MX-BCS,Baja California Sur,Miles de personas,2010,203,172.7,30.3,213.1,29.7,209,416.1,112.3,110.9,132.1,300.8,80.3,60,170.5,73.5,232.7,636.19,110656.4,100789.574
MX-BCS,Baja California Sur,Miles de personas,2012,211.3,185.5,25.8,210.3,55.5,224.7,421.6,93.9,110.1,106.2,305.4,76.6,47.5,153.6,91.6,266.9,668.64,117345.833,114898.751
MX-BCS,Baja California Sur,Miles de personas,2014,226.2,196.7,29.5,256.9,41.9,222.6,483.1,131.2,111.2,106.3,348.6,123.1,92.6,183.7,79,268.1,702.92,116027.018,119613.084
MX-BCS,Baja California Sur,Miles de personas,2016,175.6,162.9,12.8,300.3,51.2,266.6,476,102.3,106.2,98.9,317.2,104.2,101.8,152.4,48.5,226.8,737,133948.675,155809.224
MX-BCS,Baja California Sur,Miles de personas,2018,151.7,139.2,12.6,363.5,39.2,285.3,515.2,99.1,102,90.2,344.8,119,111.3,149.8,38.9,190.9,771.29,173047.36,232124.237
MX-CAM,Campeche,Miles de personas,2008,373.1,275.9,97.2,239.7,37.7,163.1,612.7,288.6,185.9,189.4,503.6,204.6,302.5,165,150.6,410.8,809.04,867231.044,740140.02
MX-CAM,Campeche,Miles de personas,2010,425.3,309.2,116.1,209.9,36.4,170.6,635.2,299.4,203,161.8,505,186.4,307.7,262.6,182,461.7,833.94,753968.591,620535.423
MX-CAM,Campeche,Miles de personas,2012,387.9,297.2,90.7,248.4,48.4,183.8,636.3,233.5,167.1,105.9,530.1,153.4,286.7,162.7,178.6,436.3,867.06,714787.065,779041.23
MX-CAM,Campeche,Miles de personas,2014,391,291.7,99.2,287.5,35.9,182.6,678.4,263.6,168.5,111.8,539.5,175.3,348.1,217.6,172.2,426.8,900.59,685981.27,696682.543
MX-CAM,Campeche,Miles de personas,2016,405,343.4,61.6,290,44.4,186,695,217.5,159.1,99.4,545.8,156.2,270.2,236.8,145.9,449.4,933.44,600612.272,412424.333
MX-CAM,Campeche,Miles de personas,2018,440.4,347.4,93,303.2,43.8,164.9,743.6,268.4,164.2,111.4,586.1,157.4,371.3,261.3,176.2,484.2,967.32,529584.304,550454.12
MX-COA,Coahuila,Miles de personas,2008,885.8,802.1,83.7,682,339.5,800.1,1567.8,301.5,371,630.1,1096.8,140.1,147.7,456.1,306.5,1225.2,2693.77,498326.775,401229.645
MX-COA,Coahuila,Miles de personas,2010,775.9,694,81.9,713.9,358.8,941.3,1489.9,286.5,339.4,490.2,957.1,122.5,167.5,579.5,319.6,1134.7,2786.12,489951.776,433984.977
MX-COA,Coahuila,Miles de personas,2012,799.3,706.6,92.7,699.3,364.8,998.7,1498.6,295.1,358.1,412.3,982.5,154.5,158.8,606,333.4,1164.1,2874.75,549551.802,543684.552
MX-COA,Coahuila,Miles de personas,2014,885.8,776.1,109.7,710.7,325.3,1014.1,1596.5,289.2,366.7,457.1,1004,146.1,163.8,646.8,346.4,1211.1,2960.15,559217.153,579802.09
MX-COA,Coahuila,Miles de personas,2016,745.9,696.2,49.7,750.2,391.7,1118,1496.1,215.1,370.7,384.7,919,155.6,164.9,484.7,264.9,1137.6,3043.06,572243.615,684776.144
MX-COA,Coahuila,Miles de personas,2018,691.1,646.6,44.5,840.7,346,1195.7,1531.8,217,358.7,405.7,933.3,136.4,119.3,561.4,199,1037.1,3132.02,609051.269,826455.799
MX-COL,Colima,Miles de personas,2008,173.4,162.4,11,251.4,22.1,185.7,424.8,87.3,117.5,107.6,354.5,70.3,38.6,90.7,46.9,195.6,624.11,78953.717,65592.169
MX-COL,Colima,Miles de personas,2010,230.3,213.5,16.7,224,32.4,177,454.3,109.4,124.5,108.9,370.1,80,65,131.8,56.8,262.7,655.21,81992.178,72901.369
MX-COL,Colima,Miles de personas,2012,237.2,209.8,27.4,218.8,43.2,190.1,456,101.7,129.9,100.5,349.9,69.2,54.3,153.6,78.6,280.4,681.89,90540.289,87516.444
MX-COL,Colima,Miles de personas,2014,244.9,220.6,24.4,236.6,45.3,186.2,481.6,114.5,124.5,90.5,370.2,77.8,68.4,181.5,75.4,290.3,708.74,93703.258,96603.958
MX-COL,Colima,Miles de personas,2016,248.7,229.4,19.3,231.6,51.4,207.7,480.3,96.5,120.3,87.7,352.9,84.2,63.8,156.3,59.1,300.1,734.66,98576.211,110204.725
MX-COL,Colima,Miles de personas,2018,235.6,217.4,18.2,268.9,41.3,217.5,504.5,95.9,127,82.7,373.2,71.7,80.4,165,74.1,276.9,760.33,104474.901,132943.19
MX-CHP,Chiapas,Miles de personas,2008,3682.3,1831.5,1850.8,760.5,70.6,268.2,4442.8,2960.3,1815.6,2444.4,4084.5,1833.8,2541.9,1253,2306,3752.9,4666.82,258289.89,219146.599
MX-CHP,Chiapas,Miles de personas,2010,3866.3,1980.9,1885.4,641.4,116.7,301.9,4507.7,2817.2,1724.9,1743.3,4057.8,1638,2990,1493.3,2507.1,3983,4857.91,270989.331,240499.032
MX-CHP,Chiapas,Miles de personas,2012,3782.3,2153.1,1629.2,869.7,87.6,324.5,4652.1,2519.7,1695.5,1263.1,4217.8,1476.1,2878.6,1252.4,2365.2,3869.9,5038.79,284733.625,281695.954
MX-CHP,Chiapas,Miles de personas,2014,3961,2306.6,1654.4,793.3,129.8,313.5,4754.3,2492.9,1593.9,1073.4,4301.4,1398.3,2982.4,1430.5,2518.6,4090.8,5220.62,294029.165,300375.744
MX-CHP,Chiapas,Miles de personas,2016,4114,2615.3,1498.6,736.4,145.5,341.2,4850.4,2168.7,1548.4,802.6,4328.4,1309,2791.6,1036.9,2662.4,4259.5,5393.94,287034.269,318560.217
MX-CHP,Chiapas,Miles de personas,2018,4174.6,2551.3,1623.3,822,136.8,329.9,4996.6,2366,1594.8,961.1,4567.5,1288.6,3120.2,1220.7,2770.1,4311.4,5563.87,271621.449,332598.489
MX-CHH,Chihuahua,Miles de personas,2008,1105.1,874.6,230.5,1191.5,252.2,897,2296.6,698.3,641.1,1020.8,1925.1,390.5,424.4,598.2,397.2,1357.3,3397.99,440792.887,369944.074
MX-CHH,Chihuahua,Miles de personas,2010,1371.6,1139.7,231.9,806.5,457.9,898.5,2178.1,474.5,617.8,654.7,1710.9,227.5,247.9,624.9,585.2,1829.4,3461.88,417796.42,382215.09
MX-CHH,Chihuahua,Miles de personas,2012,1272.7,1136.4,136.3,989.1,386.9,961.3,2261.8,372.5,580,489.7,1747.9,190.5,188.7,663.9,575.6,1659.6,3531.6,459166.22,463972.509
MX-CHH,Chihuahua,Miles de personas,2014,1265.5,1065.2,200.3,949.5,440.5,1024.4,2215,426.3,635.1,536.2,1595.8,291.5,292.2,688,657,1706,3590.34,485693.517,510950.825
MX-CHH,Chihuahua,Miles de personas,2016,1150,1029.1,120.9,1026.5,417.9,1162.7,2176.5,352.4,591.6,459.7,1523.1,267.6,201,683.3,419.6,1567.8,3649.42,534205.546,656275.66
MX-CHH,Chihuahua,Miles de personas,2018,1005.7,905.9,99.8,1228.4,391.9,1200.9,2234.1,347.3,579,432.7,1610.9,267.1,192.1,677.4,372.7,1397.6,3727.98,562599.228,759815.431
MX-CMX,Cuidad de México,Miles de personas,2008,2465.7,2276.6,189.1,3219.6,449.6,2794.4,5685.3,1307.6,948.3,3245.3,4725.6,564.2,365.6,1390.5,471.8,2915.3,8942.67,2450391.202,2052359.403
MX-CMX,Cuidad de México,Miles de personas,2010,2537.2,2344.8,192.4,3055.8,481.5,2814.1,5592.9,1194.9,847.4,2885.4,4656.6,672.3,348.8,1381.3,532.2,3018.6,8981.87,2446910.439,2229200.756
MX-CMX,Cuidad de México,Miles de personas,2012,2565.3,2346.3,219,2872.1,585.1,2852.2,5437.4,814.2,813.9,2072.8,4660.2,570.3,270.3,1157.5,610,3150.4,9049.1,2633934.642,2563863.36
MX-CMX,Cuidad de México,Miles de personas,2014,2502.5,2351.9,150.5,2465.5,706.2,3146,4967.9,597.3,779.5,1759.1,4081.8,480.2,145.7,1031.5,723.3,3208.6,9062.02,2748551.988,2798138.054
MX-CMX,Cuidad de México,Miles de personas,2016,2434.4,2279.3,155.1,2548.6,599.3,3239.5,4983,604.3,744.3,1732.1,4150.2,521.2,184.7,1014.2,665.3,3033.7,9053.99,2957233.594,3163657.853
MX-CMX,Cuidad de México,Miles de personas,2018,2682.7,2529.4,153.3,2490.8,681.7,2926.1,5173.5,649.9,712.9,1761.3,4245.5,445.9,256.3,1218,687.6,3364.4,9041.4,3128247.71,3609401.851
MX-DUR,Durango,Miles de personas,2008,791.4,604.3,187.2,401.6,134.2,306.6,1193,448.6,353.5,608.4,963.3,192.3,287.6,359.7,327.1,925.6,1611.82,165722.989,133623.021
MX-DUR,Durango,Miles de personas,2010,864.2,688.7,175.5,352.7,146.7,312,1216.9,396.9,318.4,460.3,983,190.1,310.3,339.5,391.4,1010.9,1656.6,169268.084,146770.242
MX-DUR,Durango,Miles de personas,2012,858.7,730.6,128,373.5,190.9,292.3,1232.2,294,276.9,305.6,993.7,160.8,223.7,367.4,428.5,1049.5,1708.44,182943.056,180059.762
MX-DUR,Durango,Miles de personas,2014,761.2,668.2,93,425.4,183.6,381.1,1186.7,231.6,271.5,289.7,897.7,100.9,227.4,349.3,363.4,944.9,1758.16,192968.629,199491.872
MX-DUR,Durango,Miles de personas,2016,643.3,593.7,49.6,534.2,167.9,442.1,1177.5,184.9,257.9,251.9,876.6,125.4,144.6,332.2,228.8,811.2,1801.96,200660.962,233458.628
MX-DUR,Durango,Miles de personas,2018,680,639.6,40.4,492.9,186.9,460.9,1172.9,155.4,246.9,237.8,875.7,87,103,341.7,262,866.9,1836.46,202546.99,260477.668
MX-GUA,Guanajuato,Miles de personas,2008,2403.6,1972.8,430.8,1976.3,250.7,824.8,4379.8,1667.1,1408.5,1973.7,3636.6,720.4,886.1,1478,709,2654.3,5331.1,503024.423,419537.053
MX-GUA,Guanajuato,Miles de personas,2010,2703.7,2234.2,469.5,1611.2,315.7,942.7,4314.9,1376.3,1315.1,1408.6,3663.3,532.7,1001.3,1323.3,917.4,3019.5,5542.93,517168.681,459867.979
MX-GUA,Guanajuato,Miles de personas,2012,2525.8,2134,391.9,1851.3,276.6,1026.5,4377.2,1262.2,1359.3,1081.8,3527,554,871.4,1617.1,958.2,2802.5,5703.99,570921.987,565796.766
MX-GUA,Guanajuato,Miles de personas,2014,2683.3,2365.7,317.6,1594.8,494.5,991.1,4278.1,1022.8,1207.8,888.6,3334.5,563.2,859.7,1322.3,1032.5,3177.8,5857.98,620084.804,649953.073
MX-GUA,Guanajuato,Miles de personas,2016,2489.7,2232.1,257.6,1760.7,482.1,1145.1,4250.4,819.1,1181.9,790.3,3203.2,454.6,792.3,1162.1,916.5,2971.8,5997.49,673328.294,783268.338
MX-GUA,Guanajuato,Miles de personas,2018,2587.8,2334.6,253.3,1755,445.6,1176.5,4342.9,840.9,1134.4,814.8,3403.7,542.1,712.6,1234.2,950.4,3033.4,6117.21,712902.447,961215.854
MX-GRO,Guerrero,Miles de personas,2008,2319.6,1221.4,1098.2,773.1,67.5,228.8,3092.7,2121.6,966.3,1893.3,2750.9,1514.5,1851.6,1151.7,1318.4,2387.1,3336.89,208284.821,167978.877
MX-GRO,Guerrero,Miles de personas,2010,2330,1232.4,1097.6,791.7,68.2,258.4,3121.6,2091.8,978.6,1342.1,2706.5,1403.6,1951.2,1471.5,1336.5,2398.2,3429.88,211890.535,186370.38
MX-GRO,Guerrero,Miles de personas,2012,2442.9,1331.4,1111.5,760.4,78.9,222.9,3203.3,1886.7,938.1,889.7,2752.7,1169.3,2068.1,1382.3,1581.8,2521.8,3495.92,218118.481,212366.441
MX-GRO,Guerrero,Miles de personas,2014,2315.4,1447.3,868.1,928.6,94,212.3,3244,1838.7,950.7,683.2,2772.7,1167.8,2058.2,1365.4,1263.1,2409.4,3551.77,227659.005,234183.853
MX-GRO,Guerrero,Miles de personas,2016,2314.7,1489.5,825.2,856.1,115.6,307.5,3170.8,1498.3,904.6,478.8,2657.5,1137.7,1804.7,1000.3,1264.8,2430.3,3597.31,234185.03,265235.738
MX-GRO,Guerrero,Miles de personas,2018,2412.2,1440.8,971.4,843.3,110.4,263.2,3255.5,1692,859.6,500.1,2743,1046.2,2127.6,1290.3,1402.3,2522.6,3629.73,240983.724,303673.224
MX-HID,Hidalgo,Miles de personas,2008,1443.6,1042.3,401.3,798.6,89.7,284.2,2242.2,1034.3,620.2,1240.2,2019.5,556.5,787.2,625.3,594.1,1533.3,2574.51,208800.335,175038.767
MX-HID,Hidalgo,Miles de personas,2010,1477.1,1113.1,364,741.9,112.7,370.1,2219,938,632,804.6,1940.8,367.1,856.1,783.6,641.8,1589.8,2688.91,206303.584,184470.154
MX-HID,Hidalgo,Miles de personas,2012,1465.9,1189.2,276.7,852.4,83.5,375.9,2318.3,718.6,572.6,518.3,1981.4,354.9,784.8,693.9,659.9,1549.4,2775.1,222797.005,231618.44
MX-HID,Hidalgo,Miles de personas,2014,1547.8,1197.4,350.5,735.6,145.5,421.4,2283.4,763.3,543,493.5,1963.9,262.2,771,903,703.5,1693.3,2859.24,243064.784,256398.844
MX-HID,Hidalgo,Miles de personas,2016,1478.8,1244.6,234.3,932,136,374.6,2410.9,681.5,541.5,421.6,2106.1,327.9,819.4,714.6,532.9,1614.8,2938.76,268833.622,300101.36
MX-HID,Hidalgo,Miles de personas,2018,1311.1,1129.6,181.5,1162.1,113.6,403.5,2473.2,635.3,523.4,431.6,2117.5,291.7,766.4,679.8,439,1424.7,3014.26,277326.475,383074.328
MX-JAL,Jalisco,Miles de personas,2008,2657.1,2336.1,321,2598.1,385.3,1601,5255.2,1532.9,1562.9,2458.4,4199.6,708.7,750.1,1294.8,697.1,3042.4,7235.9,918573.456,750814.023
MX-JAL,Jalisco,Miles de personas,2010,2766.7,2374.3,392.4,2516,466,1718.8,5282.7,1507.9,1540.6,2380.5,4134.5,500,959.5,1643.6,1098.2,3232.6,7461.86,925371.837,821289.839
MX-JAL,Jalisco,Miles de personas,2012,3051,2604.8,446.2,2173.1,619.6,1824.2,5224.1,1300.1,1409.9,1819.4,4102.8,694.8,704,1579.8,1249.1,3670.6,7672.91,995285.999,970346.145
MX-JAL,Jalisco,Miles de personas,2014,2780.2,2527,253.2,2328.5,619.6,2132.5,5108.7,968.2,1390.5,1501.6,3896.9,515.8,553.6,1299.3,880.8,3399.8,7870.82,1067256.762,1107264.088
MX-JAL,Jalisco,Miles de personas,2016,2560.6,2415.7,144.9,2621.5,626.5,2240.1,5182.1,764.4,1313,1415.1,3952.3,487.8,390.7,1239.9,620.3,3187.1,8055.96,1149129.548,1340583.331
MX-JAL,Jalisco,Miles de personas,2018,2337.6,2093.1,244.5,3002.7,629.7,2252.6,5340.3,949,1398.5,1591.2,4093.9,581.9,667.7,1242.4,685.6,2967.4,8238.99,1207897.462,1568752.029
MX-MEX,Mexico,Miles de personas,2008,6578.2,5531.7,1046.5,5370.9,656,2494.4,11949.1,4443.7,2826.6,6429.4,10307.5,2173.5,2605.9,3201.8,1691.6,7234.2,14918.91,1198144.35,981146.431
MX-MEX,Mexico,Miles de personas,2010,6712.1,5370.8,1341.2,5031.2,878.8,3026.9,11743.3,4159.4,2896.9,4807.4,9235.5,2021.5,2489.5,4938.9,2261.3,7590.8,15377.96,1226813.687,1085724.153
MX-MEX,Mexico,Miles de personas,2012,7328.7,6383.1,945.7,4766.1,1263.1,2808.1,12094.8,2869.9,2492.7,4097.7,10468.5,1649.3,1863.9,2858,2578,8591.8,15820.4,1339994.611,1300309.612
MX-MEX,Mexico,Miles de personas,2014,8269.9,7063,1206.9,3944.8,1554.1,2904.4,12214.6,2856.6,2550.6,3280.3,10108.6,1715.8,2061,3550.3,3346.8,9823.9,16248.08,1402291.945,1451590.566
MX-MEX,Mexico,Miles de personas,2016,8230.2,7173.2,1057,3665.2,1644,3651.4,11895.4,2603,2362.1,2668.3,9535.1,2173.8,2011.5,3572.7,2889.8,9874.2,16658.5,1485467.443,1696120.275
MX-MEX,Mexico,Miles de personas,2018,7546.5,6680.8,865.7,4968.4,1541.4,3610.5,12514.9,2690.6,2272,3489.9,10461.5,1704.5,1825.2,3505.8,2443.1,9087.9,17056.67,1605830.823,2008057.047
MX-MIC,Michoacán,Miles de personas,2008,2411.2,1742.3,668.9,1365.1,109.6,460.7,3776.3,2049.2,1385.1,2417.5,3362.9,978.2,1168.3,1383.6,964.3,2520.8,4265.04,334657.914,270330.443
MX-MIC,Michoacán,Miles de personas,2010,2424.8,1826.9,598,1269.2,192.5,544.1,3694,1785.2,1355.3,1694.7,3200.9,992.1,1205.4,1277.9,957,2617.4,4397.95,329767.26,290183.885
MX-MIC,Michoacán,Miles de personas,2012,2447.7,1797.3,650.3,1381,157.7,515.8,3828.7,1649.3,1175.6,1286,3225.6,948.5,1369.4,1450.5,1091.6,2605.3,4505.4,352030.387,348282.352
MX-MIC,Michoacán,Miles de personas,2014,2708.6,2066.8,641.9,1142.4,186.4,534.2,3851.1,1605.5,1260.3,1198.2,3258,705.7,1214.5,1584.6,1116.6,2895.1,4601.24,379655.442,391994.837
MX-MIC,Michoacán,Miles de personas,2016,2565.9,2130.5,435.3,1290.1,219.3,561.5,3855.9,1320.5,1268.3,1056.1,3193.2,686.8,1134.8,1202,973.7,2785.2,4684.83,402111.981,456455.946
MX-MIC,Michoacán,Miles de personas,2018,2161.9,1877.6,284.4,1634.4,228.7,670.3,3796.3,1062,1134.3,995.1,3262.2,595.6,829.7,988.8,730.6,2390.6,4757.48,424377.529,547934.961
MX-MOR,Morelos,Miles de personas,2008,857.6,704.5,153.1,599.4,55.1,244.3,1457,591.8,380.2,674.7,1270.6,277.2,401.3,439.1,307.9,912.7,1734.47,169672.507,140312.172
MX-MOR,Morelos,Miles de personas,2010,782.2,656.7,125.4,608.4,105.6,312.7,1390.6,486.1,348.5,541.4,1168.3,284.7,371.8,397.3,251.6,887.8,1797.09,174984.467,156265.662
MX-MOR,Morelos,Miles de personas,2012,843.5,726.3,117.2,594.7,85.4,332.2,1438.2,479.1,356,413.8,1194.8,274.5,345.5,570,278.8,928.9,1852.26,175717.837,171825.31
MX-MOR,Morelos,Miles de personas,2014,993.7,844.5,149.3,489.4,116.8,301.2,1483.1,456,314.8,316.1,1258.4,255.2,467.9,510.4,390.3,1110.5,1905.27,185662.448,189051.143
MX-MOR,Morelos,Miles de personas,2016,965.9,850.5,115.4,475.6,154.8,353.3,1441.4,336.5,319.7,293.3,1211.2,212.8,330.8,380.1,320,1120.6,1954.72,194412.078,219509.801
MX-MOR,Morelos,Miles de personas,2018,1013.3,866.4,147,586.8,114.4,279.6,1600.2,406.3,337.1,335.3,1326.2,225.2,397.4,490.4,391.5,1127.8,2000.53,201363.236,250283.517
MX-NAY,Nayarit,Miles de personas,2008,444.1,377.9,66.2,366.8,46.8,206.2,810.9,247.3,226.7,322.3,704.2,132.4,159,193.4,153.5,490.9,1045.33,98292.89,81399.737
MX-NAY,Nayarit,Miles de personas,2010,461.2,368.6,92.7,372.9,48.1,233,834.1,244.5,225.7,254.7,688.5,142.6,183.4,263.6,198.2,509.4,1094.43,97786.134,88014.112
MX-NAY,Nayarit,Miles de personas,2012,553.5,414.9,138.7,327.9,64.6,216.2,881.4,258.1,224.7,213,727.1,137.8,228.2,334.6,271.9,618.2,1135.53,100800.218,99032.581
MX-NAY,Nayarit,Miles de personas,2014,488.8,386.7,102.1,355.4,78.6,284.1,844.2,216.3,209.5,196.3,656,122.1,184.8,291.3,226.9,567.4,1176.13,108986.732,112501.791
MX-NAY,Nayarit,Miles de personas,2016,470.1,370.8,99.4,393.7,74.9,314.1,863.9,215,210.7,188.5,698.8,121,227.9,249.7,205.8,545,1214.63,119473.243,136301.611
MX-NAY,Nayarit,Miles de personas,2018,451,374.7,76.2,466.1,63.5,316.4,917.1,208.6,220.7,177.1,727.3,154,223.4,245.2,174.6,514.5,1252.36,120495.124,155275.712
MX-NLE,Nuevo León,Miles de personas,2008,976.3,857.5,118.7,1667.3,330.4,1595.4,2643.6,557,685.5,1133.9,2024.1,380,389.2,491.4,280.4,1306.6,4538.95,1020366.768,873801.707
MX-NLE,Nuevo León,Miles de personas,2010,994.4,908,86.4,1496.5,388.3,1852.2,2490.9,444.8,620.4,880.3,1759.4,322.7,149.3,740.9,285.5,1382.7,4712.65,1025184.258,943374.112
MX-NLE,Nuevo León,Miles de personas,2012,1132.9,1015.3,117.5,1418.1,410.4,1911.9,2550.9,454.4,618.1,755.2,1802.7,340.4,162.7,860,429.1,1543.3,4909.32,1113817.766,1108967.174
MX-NLE,Nuevo León,Miles de personas,2014,1022.7,956,66.7,1406.7,458.2,2134,2429.5,334.3,541.2,686.3,1679.1,229.2,217.6,710.9,319.9,1481,5108.82,1161168.669,1207990.997
MX-NLE,Nuevo León,Miles de personas,2016,737.8,706.3,31.5,1790.5,275.9,2374.7,2528.3,345,553.3,690.1,1742,258.2,141.5,744.7,160.3,1013.7,5294.2,1257648.421,1439538.536
MX-NLE,Nuevo León,Miles de personas,2018,773,747.8,25.2,1832.7,350.1,2365.4,2605.8,232.8,538.1,689.6,1839.7,162.7,127,648.9,164.1,1123.1,5454.85,1353874.513,1745125.14
MX-OAX,Oaxaca,Miles de personas,2008,2354.4,1275.5,1079,1020.3,54.2,380.6,3374.7,2305.4,1166.5,2086.4,3063.5,1455.8,2181.2,1088.7,1255.1,2408.7,3747.43,226633.787,192561.534
MX-OAX,Oaxaca,Miles de personas,2010,2596.3,1462.8,1133.5,859.6,50.2,369.7,3455.9,2112.1,1162.3,1492.5,3077.7,1312,2249.2,1022.8,1403.1,2646.4,3846.56,228089.144,208793.741
MX-OAX,Oaxaca,Miles de personas,2012,2434.6,1518,916.6,1024.5,65.1,406.6,3459.1,1798,1087.9,823.4,2975,965.2,2182.8,1244.6,1351.7,2499.7,3924.32,239680.171,248833.702
MX-OAX,Oaxaca,Miles de personas,2014,2662.7,1532.5,1130.3,927.9,83.6,314.9,3590.7,1954.3,1085.2,794.9,3107.9,978.7,2412.8,1440.3,1679.7,2746.3,3990.08,250239.106,265613.706
MX-OAX,Oaxaca,Miles de personas,2016,2847.3,1760.2,1087.2,805.6,94.2,297.4,3652.9,1922.5,1103.8,642.1,3151.7,1062.6,2506.9,1268.9,1626,2941.5,4046.49,256580.339,284220.424
MX-OAX,Oaxaca,Miles de personas,2018,2714.7,1762.8,951.8,920.9,107.8,348,3635.6,1832.8,1107.2,665.1,3116.6,1027.6,2384.4,1142.2,1532.1,2822.5,4097,260440.891,353487.535
MX-PUE,Puebla,Miles de personas,2008,3705.6,2617.5,1088.1,1297.9,232,505,5003.6,2819.3,1476.5,3216.3,4480.4,1294.6,2226.8,1553.8,1543.6,3937.7,5725.49,468969.471,385126.957
MX-PUE,Puebla,Miles de personas,2010,3616.3,2614.5,1001.7,1271.2,327.4,666.8,4887.4,2394,1485.6,2378.5,4250.5,1153,2196.4,1620.9,1626.8,3943.7,5869.07,469967.84,416421.454
MX-PUE,Puebla,Miles de personas,2012,3878.1,2819,1059.1,1320.9,253.9,562.5,5199,2340.6,1449.1,1783.5,4637.6,1166,2095.2,1813.4,1981.6,4132,6037.92,524226.058,515088.623
MX-PUE,Puebla,Miles de personas,2014,3958.8,2967.5,991.3,1217.5,314.1,643.8,5176.3,1929.2,1407.5,1298.9,4610.1,1161.4,1877.7,1463.2,1953.9,4272.9,6198.76,526200.669,540792.718
MX-PUE,Puebla,Miles de personas,2016,3728.2,3166.3,561.9,1347.2,389.3,807.5,5075.4,1452,1249,1090,4340.1,907.4,1613.1,1260.5,1449.8,4117.5,6345.95,555309.088,628165.6
MX-PUE,Puebla,Miles de personas,2018,3763.7,3211.7,551.9,1483.9,391.2,749.3,5247.6,1514.6,1241.8,1328.9,4604.1,744.7,1692.1,1331.4,1424.4,4154.9,6478.82,603702.659,743755.794
MX-QUE,Querétaro,Miles de personas,2008,629.1,531.5,97.6,625.9,91,440.6,1255,375.7,364.7,478.6,1030.5,212.3,254.5,320.4,195.9,720.1,1754.61,278348.405,228284.803
MX-QUE,Querétaro,Miles de personas,2010,767,629.5,137.5,587.9,93,404.3,1354.9,374.2,361.3,408.7,1122.5,183.1,325.6,393.8,297.1,860,1842.36,287403.169,256123.884
MX-QUE,Querétaro,Miles de personas,2012,707.4,608.7,98.7,625.4,123,460.4,1332.9,324.2,335.3,296.8,1087.3,209.7,286.1,380.4,280.8,830.4,1930.89,318294.372,311704.961
MX-QUE,Querétaro,Miles de personas,2014,675.7,599.6,76.1,654.2,154.7,492.5,1329.8,280.3,324.4,312.7,1073.8,176.7,292.4,311.8,242.7,830.4,2023.82,342666.454,348716.588
MX-QUE,Querétaro,Miles de personas,2016,635.7,576,59.7,653.7,182.5,570.8,1289.4,235.2,290.8,269.1,989.4,198.4,260.3,273.2,203.3,818.2,2113.73,377947.864,432120.25
MX-QUE,Querétaro,Miles de personas,2018,579.2,538,41.2,798.4,133.2,589.2,1377.6,232.3,310.3,248.5,1106,178,266.1,291.3,161.1,712.4,2197.94,406635.649,517500.974
MX-ROO,Quintana Roo,Miles de personas,2008,428.1,329.9,98.3,487.6,63,292,915.8,336.2,237.2,439.4,742.6,327.3,164.4,187.5,166.4,491.1,1250.39,203018.581,175082.242
MX-ROO,Quintana Roo,Miles de personas,2010,471.7,384.2,87.5,491.5,64.6,334.5,963.2,317.9,250,331.3,732.5,295.4,207.5,297.1,164.2,536.3,1332.93,195148.828,180777.622
MX-ROO,Quintana Roo,Miles de personas,2012,563.3,441.1,122.2,441.7,89.9,357.2,1005,317.1,256,308.5,796.9,285.3,211.1,270.4,240.5,653.2,1406.41,215709.871,213551.944
MX-ROO,Quintana Roo,Miles de personas,2014,553,445.5,107.6,526.3,96.3,365.5,1079.3,321.2,233.5,284.6,793.5,283.9,278.4,358.2,220.4,649.4,1485.51,233252.369,246516.89
MX-ROO,Quintana Roo,Miles de personas,2016,471,401.9,69.2,627.2,70.4,464.3,1098.2,299.6,244.9,287.8,799.9,277.4,318.5,267.7,151.2,541.4,1564.92,261497.598,302288.848
MX-ROO,Quintana Roo,Miles de personas,2018,474.8,415.1,59.8,710,70.5,467.3,1184.8,359.7,259.1,269.3,891.2,361.5,375.1,308.7,119.7,545.3,1645.24,286095.168,358943.977
MX-SLP,San Luis Potosí,Miles de personas,2008,1304.4,909.7,394.8,649.4,163.9,443.3,1953.8,918.3,588.9,879.9,1649.4,577.8,746.2,598.3,568,1468.3,2561.31,270024.005,225361.594
MX-SLP,San Luis Potosí,Miles de personas,2010,1375.3,972.7,402.6,549.5,189.1,510.6,1924.8,803.9,583,499.5,1503.9,428.4,847.7,789.7,681.9,1564.4,2621.11,269397.22,244786.34
MX-SLP,San Luis Potosí,Miles de personas,2012,1354.2,1011.2,342.9,660.7,175.8,489.1,2014.9,720.8,568.7,376,1650.2,361.2,870.7,661.9,623.3,1530,2680.71,297293.962,297155.564
MX-SLP,San Luis Potosí,Miles de personas,2014,1338.1,1079.6,258.5,662.3,208.2,516.6,2000.4,558.8,502.6,291.9,1611,299.8,767,589.9,632.7,1546.3,2733.86,316716.343,330242.339
MX-SLP,San Luis Potosí,Miles de personas,2016,1267.7,1053.9,213.8,686,221.7,609.6,1953.7,491.7,486.7,253.1,1549.5,270.1,688.6,559.9,568.6,1489.4,2781.46,342065.043,400396.415
MX-SLP,San Luis Potosí,Miles de personas,2018,1229,1021.4,207.6,784.8,208.9,609.2,2013.8,452.1,479.5,253.6,1572.2,242.8,747.8,480,538.8,1437.9,2825.16,370089.916,501660.08
MX-SIN,Sinaloa,Miles de personas,2008,905.6,776.7,128.9,1143.9,97.2,649,2049.5,706.8,594,816.4,1644.1,396.7,520.7,636,226.7,1002.8,2745.89,316380.798,260205.206
MX-SIN,Sinaloa,Miles de personas,2010,1048.6,892.4,156.3,953.3,219.8,638,2002,542,553.2,610.6,1533.1,242,448.3,701.2,405.4,1268.5,2806.7,312655.113,277104.769
MX-SIN,Sinaloa,Miles de personas,2012,1055.6,925.4,130.2,976.4,185.6,693.5,2032,539.9,536,482.3,1534.2,293.9,467.4,753,389.7,1241.2,2893.42,330191.387,325175.665
MX-SIN,Sinaloa,Miles de personas,2014,1167.1,1011.2,155.8,900.3,204.6,692.5,2067.3,583.6,566.1,450.5,1462.5,319.5,532.9,878.5,399.2,1371.6,2976.48,340077.857,344506.492
MX-SIN,Sinaloa,Miles de personas,2016,929.7,842.6,87.1,991.2,223.9,873,1920.9,431.5,477.7,368.5,1349.2,340.1,385.9,686.2,263.1,1153.6,3049.38,376438.398,423219.311
MX-SIN,Sinaloa,Miles de personas,2018,946.9,864.6,82.3,1059.1,198.5,861.9,2006,458.8,506.7,403.6,1392.3,260.7,457.4,752,230,1145.4,3104.61,390504.775,482808.424
MX-SON,Sonora,Miles de personas,2008,716.9,601.8,115.2,1021.9,112.7,792.4,1738.8,496.3,426.8,598.5,1295.4,353,342.4,561.4,205.9,829.6,2590.98,436717.189,360308.272
MX-SON,Sonora,Miles de personas,2010,905.2,765.1,140.1,863,186.9,775.5,1768.1,516.3,381.7,620,1260.8,318.6,416.5,704.3,296.6,1092.1,2687.48,431501.919,385750.835
MX-SON,Sonora,Miles de personas,2012,821.3,681.5,139.8,1031.1,133,835,1852.4,457.3,382.3,481.9,1319.8,286.5,356.6,733.9,286.4,954.3,2769.54,495926.031,488557.575
MX-SON,Sonora,Miles de personas,2014,852.1,756.5,95.6,930.6,210.9,908.8,1782.7,373.3,351.6,418.5,1213.3,294,257.4,721.5,281.1,1063,2847.82,522896.949,535720.341
MX-SON,Sonora,Miles de personas,2016,831.4,756.1,75.3,922.7,244.4,985.3,1754.2,349.7,367.2,438.3,1229.4,283.5,290.1,625.6,224.3,1075.8,2922.67,578945.379,663322.554
MX-SON,Sonora,Miles de personas,2018,863,782.4,80.6,921.3,267.1,1010.5,1784.3,369.8,350,386.8,1255.1,264.4,328.3,659.3,256.1,1130.2,3000.13,581395.25,762759.786
MX-TAB,Tabasco,Miles de personas,2008,1188,839.5,348.5,745.1,61.6,212.5,1933.1,826.1,474.5,565.8,1711.7,383.8,810.2,760.7,549.3,1249.6,2167.69,475202.827,414905.271
MX-TAB,Tabasco,Miles de personas,2010,1291.6,984.7,306.9,615.9,93.5,261.2,1907.5,882.5,448.6,540.8,1657,490.7,879.7,753.7,506.3,1385.1,2255.25,525011.917,449415.171
MX-TAB,Tabasco,Miles de personas,2012,1149.4,818.6,330.8,785.4,69.5,308.9,1934.8,868.3,442.1,420.5,1646.1,449,1033.8,773.4,546.5,1218.9,2325.37,564003.811,592703.438
MX-TAB,Tabasco,Miles de personas,2014,1169.8,909.5,260.3,883.8,55.4,250.8,2053.6,907.4,400.1,399.4,1716.7,316.5,1036.9,1062.6,421.7,1225.2,2393.66,564794.238,575966.401
MX-TAB,Tabasco,Miles de personas,2016,1228.1,943.9,284.2,855.8,62.6,268.5,2083.9,876.2,398.3,323.8,1618.1,297.7,1178.4,1093.7,472.6,1290.7,2457.37,534685.495,454246.599
MX-TAB,Tabasco,Miles de personas,2018,1320.2,1017.7,302.5,821.8,62.1,256.8,2141.9,914.4,404.9,311.3,1699.3,302.2,1132.1,1151.1,512.3,1382.3,2515.93,468708.681,498585.882
MX-TAM,Tamaulipas,Miles de personas,2008,1097.7,940.5,157.2,1073.1,254.2,818.7,2170.8,555.4,562.6,776.4,1790.4,400.3,423.3,382.5,403.4,1351.9,3221.33,483350.662,429771.347
MX-TAM,Tamaulipas,Miles de personas,2010,1301.7,1118.3,183.4,899,312.8,828.3,2200.7,514.3,479.7,700.1,1708,319.5,549.8,455,484,1614.5,3310.31,448215.116,406896.616
MX-TAM,Tamaulipas,Miles de personas,2012,1315.6,1155.5,160.2,918.7,303,892.4,2234.3,491.5,531.1,540.5,1735.5,361.1,364.6,657.3,510.1,1618.7,3390.26,466371.322,462474.737
MX-TAM,Tamaulipas,Miles de personas,2014,1330.7,1179.1,151.6,855,393.8,929.4,2185.7,446.3,560,527.1,1597.3,288.1,403.3,684.5,566.4,1724.5,3461.85,477891.309,498626.182
MX-TAM,Tamaulipas,Miles de personas,2016,1156.2,1052.6,103.6,1027,362.9,1048.8,2183.2,362.9,514.9,458.5,1520.9,231,350.3,691.8,433.7,1519.1,3527.1,500458.048,578652.506
MX-TAM,Tamaulipas,Miles de personas,2018,1287.9,1166.1,121.8,943.4,485.4,955.7,2231.3,358.4,528.5,440,1592.4,282.6,326.6,614.5,555.5,1773.3,3590.49,507780.727,669164.565
MX-TLA,Tlaxcala,Miles de personas,2008,687.7,577.8,109.9,272.1,64.5,130,959.9,335.9,204.6,514.6,864.8,154.4,143,286.3,250.9,752.3,1148.11,83246.79,67699.514
MX-TLA,Tlaxcala,Miles de personas,2010,719,600.8,118.2,230.6,87.9,154.6,949.5,277.7,185.6,398.3,844.5,139.7,162.9,287.9,320,806.9,1185.87,88809.886,78454.866
MX-TLA,Tlaxcala,Miles de personas,2012,711.9,599.6,112.2,294.2,74.2,149.6,1006.1,282.2,194.4,297.4,870.5,159.4,197,349.4,299.9,786.1,1229.57,89918.601,88109.739
MX-TLA,Tlaxcala,Miles de personas,2014,745.1,662.5,82.6,285.3,96.9,137.2,1030.4,200.7,188.8,221.1,903.7,119.1,153,303.5,342.1,842,1273.77,90362.518,93828.437
MX-TLA,Tlaxcala,Miles de personas,2016,701.8,627,74.7,317.7,107.3,174.1,1019.5,175.2,169.7,162.9,861.5,133.2,139.3,288.2,254.7,809.1,1314.42,96859.667,109834.483
MX-TLA,Tlaxcala,Miles de personas,2018,645.8,604,41.7,382,101.9,205.2,1027.7,180.2,175.1,183.4,904.8,116.3,135.2,270.1,199.1,747.7,1347.93,99024.914,126446.673
MX-VER,Veracruz,Miles de personas,2008,3879,2602.6,1276.4,2480,238.7,979.8,6359,3539.7,2154.6,3248.7,5463.4,2307.5,3237.2,1938.7,1576,4117.7,7561.55,704314.03,580223.999
MX-VER,Veracruz,Miles de personas,2010,4448,2999,1449,1825.9,349.7,1101.3,6273.9,3237.8,1992.7,2698.8,5348.1,1857,3032.6,2017,2145.5,4797.7,7747.68,718148.55,639238.481
MX-VER,Veracruz,Miles de personas,2012,4141.8,3019.8,1122,2403.8,313.5,1008.3,6545.6,2906.7,2027,2018.9,5386.9,1552.8,3080.2,2218.9,1890.3,4455.3,7957.24,779730.434,777750.647
MX-VER,Veracruz,Miles de personas,2014,4634.2,3263.8,1370.5,1978.7,400.9,975.5,6613,2982.2,2220.7,1736.3,5469.2,1345.3,3199.2,2396.6,2331.6,5035.1,8150.88,780785.356,810516.492
MX-VER,Veracruz,Miles de personas,2016,5049.5,3717,1332.5,1619.7,404,1050.3,6669.2,2716.6,2087.3,1578.3,5524.2,1422.2,3184.7,1804.4,2483,5453.5,8316.6,784930.108,862619.629
MX-VER,Veracruz,Miles de personas,2018,5088.6,3630.7,1457.9,1742,506.3,899.9,6830.6,2744.4,2055.6,1379.3,5561.3,1389.4,3466.3,2222.3,2653.2,5594.9,8434.16,794376.31,983738.137
MX-YUC,Yucatán,Miles de personas,2008,907,736.1,170.9,569.7,91.6,360.4,1476.7,679.6,505.9,519.4,1177,469.4,808.5,313.2,250.7,998.6,1929.92,193158.623,159011.746
MX-YUC,Yucatán,Miles de personas,2010,958.5,726.1,232.5,515.9,127.7,381.5,1474.5,633.5,489,410.7,1127.9,386.5,741.7,424.3,354.9,1086.3,1979.7,196149.981,175773.5
MX-YUC,Yucatán,Miles de personas,2012,996.9,796.3,200.6,551.4,127.6,364.6,1548.3,668.2,477.1,320.7,1199.2,420.8,871.2,512.3,339.1,1124.4,2041.58,214700.599,209189.067
MX-YUC,Yucatán,Miles de personas,2014,957.9,734.7,223.2,578.3,145.3,407.5,1536.2,573.2,455.8,302.4,1137.4,365.2,843.4,383.8,432.7,1103.2,2100.82,223858.768,232467.744
MX-YUC,Yucatán,Miles de personas,2016,901.9,769.4,132.4,699.4,123.7,428.9,1601.3,524,442.8,310.4,1166.9,339.7,764,415.3,253.6,1025.5,2155.88,242505.306,275534.828
MX-YUC,Yucatán,Miles de personas,2018,900.5,753.4,147.1,734.7,120.9,451.1,1635.2,554.4,434.9,310.4,1221.5,299.6,848.5,428.3,276.1,1021.3,2208.24,260417.828,329373.441
MX-ZAC,Zacatecas,Miles de personas,2008,742.2,601.8,140.4,411.1,90,237.3,1153.4,369.5,363.2,474.6,1004.5,141.4,216,291.4,330.4,832.2,1465.79,126383.577,102382.135
MX-ZAC,Zacatecas,Miles de personas,2010,911.5,747.4,164.1,277.7,103.9,219.8,1189.2,354.9,345.8,386.6,1007,88.7,269.6,376.6,448.9,1015.4,1508.11,144730.56,130183.528
MX-ZAC,Zacatecas,Miles de personas,2012,835.5,720.2,115.3,314.7,98.8,292.1,1150.2,234.8,324.8,258.1,970.1,79,168.1,343.8,466.3,934.4,1548.01,148728.64,157643.57
MX-ZAC,Zacatecas,Miles de personas,2014,819.8,730.4,89.4,381.7,114.7,249.8,1201.5,208.8,338.5,232.7,992.4,76.5,209,263.6,418.3,934.5,1584.74,156808.457,156773.426
MX-ZAC,Zacatecas,Miles de personas,2016,780.3,724.2,56.1,388.2,141.9,281.9,1168.4,163.8,281.8,182.7,962.4,82,171.1,239.9,334.4,922.2,1616.68,157998.056,187277.522
MX-ZAC,Zacatecas,Miles de personas,2018,755.2,700.8,54.4,463.9,124.8,271.1,1219.1,169.3,286.7,188.7,1011.7,87.5,168.7,268.7,277.1,880,1642.39,156725.476,205854.33
MX-AGU,Aguascalientes,Porcentaje,2008,37.6,33.5,4.2,30.8,7.7,23.9,68.4,14.6,18.1,23.2,55.3,8,3.4,20.1,14.1,45.3,1153.47,150949.983,126346.473
MX-AGU,Aguascalientes,Porcentaje,2010,38.1,34.4,3.8,26.2,8.1,27.6,64.3,12.3,17.2,19.7,49.3,6.9,4.8,20.2,14.8,46.2,1198.51,152205.212,138350.48
MX-AGU,Aguascalientes,Porcentaje,2012,37.8,34.4,3.4,24.5,10.1,27.6,62.2,9.6,15.3,14.8,47.6,4.9,3.5,21.5,14.9,47.9,1250.96,167705.967,166978.119
MX-AGU,Aguascalientes,Porcentaje,2014,34.8,32.7,2.1,25.3,8.9,31,60.1,7.9,14.4,12.5,43.2,3.3,3.6,21.6,12.9,43.7,1305.27,190482.862,195180.365
MX-AGU,Aguascalientes,Porcentaje,2016,28.2,25.9,2.3,28,10.6,33.2,56.2,7.6,13.9,12.1,40.4,5.5,2.3,17.2,9.6,38.8,1355.32,211672.469,248849.972
MX-AGU,Aguascalientes,Porcentaje,2018,26.2,25,1.2,29.6,10.3,33.9,55.8,5.8,13.1,11.4,42.3,4.6,2.5,13,8.8,36.5,1395.79,224807.469,298147.899
MX-BCN,Baja California,Porcentaje,2008,26,22.6,3.3,42.1,5.4,26.5,68.1,16.6,18,32.6,55.1,8,6.9,14.1,7.6,31.4,3064.93,457556.565,395576.586
MX-BCN,Baja California,Porcentaje,2010,31.5,28.1,3.4,37.9,6.3,24.2,69.4,16,16.9,31.4,54.7,9.9,6.6,16.4,9.8,37.9,3183.65,428162.546,393693.175
MX-BCN,Baja California,Porcentaje,2012,30.2,27.5,2.7,37.6,8.6,23.5,67.8,12.3,14.6,22.3,55.7,8.1,4.4,15.2,10.9,38.8,3258.39,456024.472,456744.955
MX-BCN,Baja California,Porcentaje,2014,28.6,25.5,3.1,38.3,6.6,26.5,66.9,14.1,15.4,19.4,51.8,10.6,12.1,17.2,9.7,35.2,3326.22,478121.939,501905.007
MX-BCN,Baja California,Porcentaje,2016,22.2,21.1,1.1,38,6.7,33,60.3,9.3,13.3,17.3,43,7.8,6.3,14.9,5.4,29,3403.34,535552.651,647659.731
MX-BCN,Baja California,Porcentaje,2018,23.3,21.6,1.6,39.8,6.8,30.2,63,9.7,14,16.9,45.2,9.5,8.9,14.1,5.8,30,3521.24,565895.378,762863.786
MX-BCS,Baja California Sur,Porcentaje,2008,21.4,18.7,2.7,44.6,4.7,29.4,65.9,17.4,16.6,25.2,51.5,14.7,10.6,15.4,7.7,26,589.29,108975.356,92207.468
MX-BCS,Baja California Sur,Porcentaje,2010,31,26.4,4.6,32.5,4.5,31.9,63.5,17.1,16.9,20.2,45.9,12.3,9.2,26,11.2,35.5,636.19,110656.4,100789.574
MX-BCS,Baja California Sur,Porcentaje,2012,30.1,26.4,3.7,30,7.9,32,60.1,13.4,15.7,15.1,43.5,10.9,6.8,21.9,13.1,38,668.64,117345.833,114898.751
MX-BCS,Baja California Sur,Porcentaje,2014,30.3,26.3,3.9,34.4,5.6,29.8,64.6,17.6,14.9,14.2,46.6,16.5,12.4,24.6,10.6,35.9,702.92,116027.018,119613.084
MX-BCS,Baja California Sur,Porcentaje,2016,22.1,20.5,1.6,37.8,6.5,33.6,60,12.9,13.4,12.5,40,13.1,12.8,19.2,6.1,28.6,737,133948.675,155809.224
MX-BCS,Baja California Sur,Porcentaje,2018,18.1,16.6,1.5,43.3,4.7,34,61.4,11.8,12.1,10.7,41.1,14.2,13.2,17.8,4.6,22.7,771.29,173047.36,232124.237
MX-CAM,Campeche,Porcentaje,2008,45.9,33.9,11.9,29.5,4.6,20,75.3,35.5,22.9,23.3,61.9,25.2,37.2,20.3,18.5,50.5,809.04,867231.044,740140.02
MX-CAM,Campeche,Porcentaje,2010,50.5,36.7,13.8,24.9,4.3,20.3,75.4,35.6,24.1,19.2,60,22.1,36.5,31.2,21.6,54.8,833.94,753968.591,620535.423
MX-CAM,Campeche,Porcentaje,2012,44.7,34.2,10.4,28.6,5.6,21.2,73.3,26.9,19.2,12.2,61,17.7,33,18.7,20.6,50.2,867.06,714787.065,779041.23
MX-CAM,Campeche,Porcentaje,2014,43.6,32.5,11.1,32.1,4,20.4,75.6,29.4,18.8,12.5,60.1,19.5,38.8,24.3,19.2,47.6,900.59,685981.27,696682.543
MX-CAM,Campeche,Porcentaje,2016,43.8,37.1,6.7,31.3,4.8,20.1,75.1,23.5,17.2,10.7,59,16.9,29.2,25.6,15.8,48.6,933.44,600612.272,412424.333
MX-CAM,Campeche,Porcentaje,2018,46.2,36.5,9.8,31.8,4.6,17.3,78.1,28.2,17.2,11.7,61.5,16.5,39,27.4,18.5,50.8,967.32,529584.304,550454.12
MX-COA,Coahuila,Porcentaje,2008,32.7,29.6,3.1,25.2,12.5,29.6,57.9,11.1,13.7,23.3,40.5,5.2,5.5,16.8,11.3,45.3,2693.77,498326.775,401229.645
MX-COA,Coahuila,Porcentaje,2010,27.8,24.9,2.9,25.6,12.9,33.7,53.4,10.3,12.2,17.6,34.3,4.4,6,20.8,11.5,40.7,2786.12,489951.776,433984.977
MX-COA,Coahuila,Porcentaje,2012,27.9,24.7,3.2,24.4,12.7,34.9,52.4,10.3,12.5,14.4,34.3,5.4,5.5,21.2,11.6,40.7,2874.75,549551.802,543684.552
MX-COA,Coahuila,Porcentaje,2014,30.2,26.4,3.7,24.2,11.1,34.5,54.4,9.9,12.5,15.6,34.2,5,5.6,22,11.8,41.3,2960.15,559217.153,579802.09
MX-COA,Coahuila,Porcentaje,2016,24.8,23.2,1.7,25,13,37.2,49.8,7.2,12.3,12.8,30.6,5.2,5.5,16.1,8.8,37.8,3043.06,572243.615,684776.144
MX-COA,Coahuila,Porcentaje,2018,22.5,21,1.4,27.4,11.3,38.9,49.8,7.1,11.7,13.2,30.4,4.4,3.9,18.3,6.5,33.7,3132.02,609051.269,826455.799
MX-COL,Colima,Porcentaje,2008,27.4,25.7,1.7,39.7,3.5,29.4,67.1,13.8,18.6,17,56,11.1,6.1,14.3,7.4,30.9,624.11,78953.717,65592.169
MX-COL,Colima,Porcentaje,2010,34.7,32.2,2.5,33.8,4.9,26.7,68.4,16.5,18.8,16.4,55.8,12.1,9.8,19.9,8.6,39.6,655.21,81992.178,72901.369
MX-COL,Colima,Porcentaje,2012,34.4,30.4,4,31.7,6.3,27.6,66.2,14.8,18.8,14.6,50.8,10,7.9,22.3,11.4,40.7,681.89,90540.289,87516.444
MX-COL,Colima,Porcentaje,2014,34.3,30.9,3.4,33.2,6.4,26.1,67.5,16.1,17.5,12.7,51.9,10.9,9.6,25.4,10.6,40.7,708.74,93703.258,96603.958
MX-COL,Colima,Porcentaje,2016,33.6,31,2.6,31.3,7,28.1,65,13,16.3,11.9,47.7,11.4,8.6,21.1,8,40.6,734.66,98576.211,110204.725
MX-COL,Colima,Porcentaje,2018,30.9,28.5,2.4,35.2,5.4,28.5,66.1,12.6,16.6,10.8,48.9,9.4,10.5,21.6,9.7,36.3,760.33,104474.901,132943.19
MX-CHP,Chiapas,Porcentaje,2008,77,38.3,38.7,15.9,1.5,5.6,92.9,61.9,38,51.1,85.4,38.4,53.2,26.2,48.2,78.5,4666.82,258289.89,219146.599
MX-CHP,Chiapas,Porcentaje,2010,78.5,40.2,38.3,13,2.4,6.1,91.5,57.2,35,35.4,82.4,33.3,60.7,30.3,50.9,80.9,4857.91,270989.331,240499.032
MX-CHP,Chiapas,Porcentaje,2012,74.7,42.5,32.2,17.2,1.7,6.4,91.9,49.8,33.5,24.9,83.3,29.1,56.8,24.7,46.7,76.4,5038.79,284733.625,281695.954
MX-CHP,Chiapas,Porcentaje,2014,76.2,44.4,31.8,15.3,2.5,6,91.5,48,30.7,20.7,82.8,26.9,57.4,27.5,48.5,78.7,5220.62,294029.165,300375.744
MX-CHP,Chiapas,Porcentaje,2016,77.1,49,28.1,13.8,2.7,6.4,90.9,40.6,29,15,81.1,24.5,52.3,19.4,49.9,79.8,5393.94,287034.269,318560.217
MX-CHP,Chiapas,Porcentaje,2018,76.4,46.7,29.7,15,2.5,6,91.5,43.3,29.2,17.6,83.6,23.6,57.1,22.3,50.7,78.9,5563.87,271621.449,332598.489
MX-CHH,Chihuahua,Porcentaje,2008,32.1,25.4,6.7,34.6,7.3,26,66.6,20.3,18.6,29.6,55.9,11.3,12.3,17.4,11.5,39.4,3397.99,440792.887,369944.074
MX-CHH,Chihuahua,Porcentaje,2010,38.8,32.2,6.6,22.8,13,25.4,61.6,13.4,17.5,18.5,48.4,6.4,7,17.7,16.6,51.8,3461.88,417796.42,382215.09
MX-CHH,Chihuahua,Porcentaje,2012,35.3,31.5,3.8,27.4,10.7,26.6,62.7,10.3,16.1,13.6,48.4,5.3,5.2,18.4,15.9,46,3531.6,459166.22,463972.509
MX-CHH,Chihuahua,Porcentaje,2014,34.4,28.9,5.4,25.8,12,27.8,60.2,11.6,17.3,14.6,43.4,7.9,7.9,18.7,17.9,46.4,3590.34,485693.517,510950.825
MX-CHH,Chihuahua,Porcentaje,2016,30.6,27.4,3.2,27.3,11.1,30.9,57.9,9.4,15.7,12.2,40.5,7.1,5.4,18.2,11.2,41.7,3649.42,534205.546,656275.66
MX-CHH,Chihuahua,Porcentaje,2018,26.3,23.7,2.6,32.1,10.2,31.4,58.4,9.1,15.1,11.3,42.1,7,5,17.7,9.7,36.5,3727.98,562599.228,759815.431
MX-CMX,Cuidad de México,Porcentaje,2008,27.6,25.5,2.1,36.1,5,31.3,63.7,14.6,10.6,36.3,52.9,6.3,4.1,15.6,5.3,32.6,8942.67,2450391.202,2052359.403
MX-CMX,Cuidad de México,Porcentaje,2010,28.5,26.4,2.2,34.4,5.4,31.7,62.9,13.4,9.5,32.5,52.4,7.6,3.9,15.5,6,34,8981.87,2446910.439,2229200.756
MX-CMX,Cuidad de México,Porcentaje,2012,28.9,26.4,2.5,32.4,6.6,32.1,61.3,9.2,9.2,23.4,52.5,6.4,3,13,6.9,35.5,9049.1,2633934.642,2563863.36
MX-CMX,Cuidad de México,Porcentaje,2014,28.4,26.7,1.7,28,8,35.7,56.3,6.8,8.8,19.9,46.3,5.4,1.7,11.7,8.2,36.4,9062.02,2748551.988,2798138.054
MX-CMX,Cuidad de México,Porcentaje,2016,27.6,25.8,1.8,28.9,6.8,36.7,56.5,6.8,8.4,19.6,47,5.9,2.1,11.5,7.5,34.4,9053.99,2957233.594,3163657.853
MX-CMX,Cuidad de México,Porcentaje,2018,30.6,28.8,1.7,28.4,7.8,33.3,58.9,7.4,8.1,20.1,48.3,5.1,2.9,13.9,7.8,38.3,9041.4,3128247.71,3609401.851
MX-DUR,Durango,Porcentaje,2008,48.4,37,11.5,24.6,8.2,18.8,73,27.5,21.6,37.2,59,11.8,17.6,22,20,56.7,1611.82,165722.989,133623.021
MX-DUR,Durango,Porcentaje,2010,51.6,41.1,10.5,21.1,8.8,18.6,72.6,23.7,19,27.5,58.7,11.3,18.5,20.3,23.4,60.3,1656.6,169268.084,146770.242
MX-DUR,Durango,Porcentaje,2012,50.1,42.6,7.5,21.8,11.1,17,71.8,17.1,16.1,17.8,57.9,9.4,13,21.4,25,61.2,1708.44,182943.056,180059.762
MX-DUR,Durango,Porcentaje,2014,43.5,38.2,5.3,24.3,10.5,21.8,67.8,13.2,15.5,16.5,51.3,5.8,13,19.9,20.7,53.9,1758.16,192968.629,199491.872
MX-DUR,Durango,Porcentaje,2016,36,33.2,2.8,29.9,9.4,24.7,65.9,10.3,14.4,14.1,49,7,8.1,18.6,12.8,45.4,1801.96,200660.962,233458.628
MX-DUR,Durango,Porcentaje,2018,37.3,35.1,2.2,27.1,10.3,25.3,64.4,8.5,13.6,13.1,48.1,4.8,5.7,18.8,14.4,47.6,1836.46,202546.99,260477.668
MX-GUA,Guanajuato,Porcentaje,2008,44.1,36.2,7.9,36.2,4.6,15.1,80.3,30.6,25.8,36.2,66.7,13.2,16.2,27.1,13,48.7,5331.1,503024.423,419537.053
MX-GUA,Guanajuato,Porcentaje,2010,48.5,40.1,8.4,28.9,5.7,16.9,77.4,24.7,23.6,25.3,65.7,9.6,18,23.7,16.5,54.2,5542.93,517168.681,459867.979
MX-GUA,Guanajuato,Porcentaje,2012,44.5,37.6,6.9,32.6,4.9,18.1,77.1,22.2,23.9,19,62.1,9.8,15.3,28.5,16.9,49.3,5703.99,570921.987,565796.766
MX-GUA,Guanajuato,Porcentaje,2014,46.6,41,5.5,27.7,8.6,17.2,74.2,17.7,21,15.4,57.9,9.8,14.9,22.9,17.9,55.1,5857.98,620084.804,649953.073
MX-GUA,Guanajuato,Porcentaje,2016,42.4,38,4.4,30,8.2,19.5,72.3,13.9,20.1,13.4,54.5,7.7,13.5,19.8,15.6,50.6,5997.49,673328.294,783268.338
MX-GUA,Guanajuato,Porcentaje,2018,43.4,39.1,4.2,29.4,7.5,19.7,72.8,14.1,19,13.7,57.1,9.1,11.9,20.7,15.9,50.9,6117.21,712902.447,961215.854
MX-GRO,Guerrero,Porcentaje,2008,68.4,36,32.4,22.8,2,6.8,91.3,62.6,28.5,55.9,81.2,44.7,54.6,34,38.9,70.4,3336.89,208284.821,167978.877
MX-GRO,Guerrero,Porcentaje,2010,67.6,35.7,31.8,23,2,7.5,90.5,60.7,28.4,38.9,78.5,40.7,56.6,42.7,38.8,69.5,3429.88,211890.535,186370.38
MX-GRO,Guerrero,Porcentaje,2012,69.7,38,31.7,21.7,2.3,6.4,91.4,53.8,26.8,25.4,78.5,33.4,59,39.4,45.1,71.9,3495.92,218118.481,212366.441
MX-GRO,Guerrero,Porcentaje,2014,65.2,40.8,24.5,26.2,2.6,6,91.4,51.8,26.8,19.2,78.1,32.9,58,38.5,35.6,67.9,3551.77,227659.005,234183.853
MX-GRO,Guerrero,Porcentaje,2016,64.4,41.4,23,23.8,3.2,8.6,88.2,41.7,25.2,13.3,73.9,31.7,50.2,27.8,35.2,67.6,3597.31,234185.03,265235.738
MX-GRO,Guerrero,Porcentaje,2018,66.5,39.7,26.8,23.2,3,7.3,89.7,46.6,23.7,13.8,75.6,28.8,58.6,35.6,38.6,69.5,3629.73,240983.724,303673.224
MX-HID,Hidalgo,Porcentaje,2008,55.2,39.8,15.3,30.5,3.4,10.9,85.7,39.5,23.7,47.4,77.2,21.3,30.1,23.9,22.7,58.6,2574.51,208800.335,175038.767
MX-HID,Hidalgo,Porcentaje,2010,54.7,41.2,13.5,27.5,4.2,13.7,82.1,34.7,23.4,29.8,71.8,13.6,31.7,29,23.8,58.8,2688.91,206303.584,184470.154
MX-HID,Hidalgo,Porcentaje,2012,52.8,42.8,10,30.7,3,13.5,83.5,25.9,20.6,18.7,71.3,12.8,28.3,25,23.8,55.8,2775.1,222797.005,231618.44
MX-HID,Hidalgo,Porcentaje,2014,54.3,42,12.3,25.8,5.1,14.8,80.1,26.8,19.1,17.3,68.9,9.2,27,31.7,24.7,59.4,2859.24,243064.784,256398.844
MX-HID,Hidalgo,Porcentaje,2016,50.6,42.6,8,31.9,4.7,12.8,82.5,23.3,18.5,14.4,72.1,11.2,28,24.5,18.2,55.3,2938.76,268833.622,300101.36
MX-HID,Hidalgo,Porcentaje,2018,43.8,37.8,6.1,38.9,3.8,13.5,82.7,21.2,17.5,14.4,70.8,9.8,25.6,22.7,14.7,47.6,3014.26,277326.475,383074.328
MX-JAL,Jalisco,Porcentaje,2008,36.7,32.3,4.4,35.9,5.3,22.1,72.6,21.2,21.6,33.9,58,9.8,10.4,17.9,9.6,42,7235.9,918573.456,750814.023
MX-JAL,Jalisco,Porcentaje,2010,37,31.8,5.3,33.7,6.2,23,70.7,20.2,20.6,31.9,55.4,6.7,12.8,22,14.7,43.3,7461.86,925371.837,821289.839
MX-JAL,Jalisco,Porcentaje,2012,39.8,34,5.8,28.3,8.1,23.8,68.1,17,18.4,23.7,53.5,9.1,9.2,20.6,16.3,47.9,7672.91,995285.999,970346.145
MX-JAL,Jalisco,Porcentaje,2014,35.4,32.1,3.2,29.6,7.9,27.1,65,12.3,17.7,19.1,49.6,6.6,7,16.5,11.2,43.3,7870.82,1067256.762,1107264.088
MX-JAL,Jalisco,Porcentaje,2016,31.8,30,1.8,32.6,7.8,27.8,64.4,9.5,16.3,17.6,49.1,6.1,4.9,15.4,7.7,39.6,8055.96,1149129.548,1340583.331
MX-JAL,Jalisco,Porcentaje,2018,28.4,25.5,3,36.5,7.7,27.4,64.9,11.5,17,19.4,49.8,7.1,8.1,15.1,8.3,36.1,8238.99,1207897.462,1568752.029
MX-MEX,Mexico,Porcentaje,2008,43.6,36.6,6.9,35.6,4.3,16.5,79.1,29.4,18.7,42.6,68.3,14.4,17.3,21.2,11.2,47.9,14918.91,1198144.35,981146.431
MX-MEX,Mexico,Porcentaje,2010,42.9,34.3,8.6,32.2,5.6,19.3,75,26.6,18.5,30.7,59,12.9,15.9,31.6,14.5,48.5,15377.96,1226813.687,1085724.153
MX-MEX,Mexico,Porcentaje,2012,45.3,39.5,5.8,29.5,7.8,17.4,74.8,17.8,15.4,25.3,64.8,10.2,11.5,17.7,15.9,53.1,15820.4,1339994.611,1300309.612
MX-MEX,Mexico,Porcentaje,2014,49.6,42.4,7.2,23.7,9.3,17.4,73.3,17.1,15.3,19.7,60.6,10.3,12.4,21.3,20.1,58.9,16248.08,1402291.945,1451590.566
MX-MEX,Mexico,Porcentaje,2016,47.9,41.7,6.1,21.3,9.6,21.2,69.2,15.1,13.7,15.5,55.5,12.6,11.7,20.8,16.8,57.4,16658.5,1485467.443,1696120.275
MX-MEX,Mexico,Porcentaje,2018,42.7,37.8,4.9,28.1,8.7,20.4,70.8,15.2,12.9,19.8,59.2,9.6,10.3,19.8,13.8,51.4,17056.67,1605830.823,2008057.047
MX-MIC,Michoacán,Porcentaje,2008,55.5,40.1,15.4,31.4,2.5,10.6,86.9,47.1,31.9,55.6,77.4,22.5,26.9,31.8,22.2,58,4265.04,334657.914,270330.443
MX-MIC,Michoacán,Porcentaje,2010,54.7,41.2,13.5,28.6,4.3,12.3,83.4,40.3,30.6,38.2,72.2,22.4,27.2,28.8,21.6,59.1,4397.95,329767.26,290183.885
MX-MIC,Michoacán,Porcentaje,2012,54.4,39.9,14.4,30.7,3.5,11.5,85,36.6,26.1,28.6,71.6,21.1,30.4,32.2,24.2,57.9,4505.4,352030.387,348282.352
MX-MIC,Michoacán,Porcentaje,2014,59.2,45.2,14,25,4.1,11.7,84.2,35.1,27.6,26.2,71.3,15.4,26.6,34.7,24.4,63.3,4601.24,379655.442,391994.837
MX-MIC,Michoacán,Porcentaje,2016,55.3,45.9,9.4,27.8,4.7,12.1,83.2,28.5,27.4,22.8,68.9,14.8,24.5,25.9,21,60.1,4684.83,402111.981,456455.946
MX-MIC,Michoacán,Porcentaje,2018,46,40,6.1,34.8,4.9,14.3,80.9,22.6,24.2,21.2,69.5,12.7,17.7,21.1,15.6,50.9,4757.48,424377.529,547934.961
MX-MOR,Morelos,Porcentaje,2008,48.8,40.1,8.7,34.1,3.1,13.9,83,33.7,21.6,38.4,72.3,15.8,22.8,25,17.5,52,1734.47,169672.507,140312.172
MX-MOR,Morelos,Porcentaje,2010,43.2,36.3,6.9,33.6,5.8,17.3,76.9,26.9,19.3,29.9,64.6,15.7,20.6,22,13.9,49.1,1797.09,174984.467,156265.662
MX-MOR,Morelos,Porcentaje,2012,45.5,39.1,6.3,32,4.6,17.9,77.5,25.8,19.2,22.3,64.4,14.8,18.6,30.7,15,50.1,1852.26,175717.837,171825.31
MX-MOR,Morelos,Porcentaje,2014,52.3,44.4,7.9,25.7,6.1,15.8,78,24,16.6,16.6,66.2,13.4,24.6,26.9,20.5,58.4,1905.27,185662.448,189051.143
MX-MOR,Morelos,Porcentaje,2016,49.5,43.6,5.9,24.4,7.9,18.1,73.9,17.3,16.4,15,62.1,10.9,17,19.5,16.4,57.5,1954.72,194412.078,219509.801
MX-MOR,Morelos,Porcentaje,2018,50.8,43.4,7.4,29.4,5.7,14,80.2,20.4,16.9,16.8,66.5,11.3,19.9,24.6,19.6,56.6,2000.53,201363.236,250283.517
MX-NAY,Nayarit,Porcentaje,2008,41.7,35.5,6.2,34.5,4.4,19.4,76.2,23.2,21.3,30.3,66.2,12.4,14.9,18.2,14.4,46.1,1045.33,98292.89,81399.737
MX-NAY,Nayarit,Porcentaje,2010,41.4,33,8.3,33.4,4.3,20.9,74.8,21.9,20.2,22.8,61.7,12.8,16.4,23.6,17.8,45.7,1094.43,97786.134,88014.112
MX-NAY,Nayarit,Porcentaje,2012,47.6,35.7,11.9,28.2,5.6,18.6,75.8,22.2,19.3,18.3,62.6,11.9,19.6,28.8,23.4,53.2,1135.53,100800.218,99032.581
MX-NAY,Nayarit,Porcentaje,2014,40.5,32,8.5,29.4,6.5,23.5,69.9,17.9,17.4,16.3,54.4,10.1,15.3,24.1,18.8,47,1176.13,108986.732,112501.791
MX-NAY,Nayarit,Porcentaje,2016,37.5,29.6,7.9,31.4,6,25.1,69,17.2,16.8,15,55.8,9.7,18.2,19.9,16.4,43.5,1214.63,119473.243,136301.611
MX-NAY,Nayarit,Porcentaje,2018,34.8,28.9,5.9,35.9,4.9,24.4,70.7,16.1,17,13.7,56.1,11.9,17.2,18.9,13.5,39.7,1252.36,120495.124,155275.712
MX-NLE,Nuevo León,Porcentaje,2008,21.4,18.8,2.6,36.5,7.2,34.9,57.9,12.2,15,24.8,44.3,8.3,8.5,10.8,6.1,28.6,4538.95,1020366.768,873801.707
MX-NLE,Nuevo León,Porcentaje,2010,21,19.2,1.8,31.6,8.2,39.1,52.6,9.4,13.1,18.6,37.2,6.8,3.2,15.7,6,29.2,4712.65,1025184.258,943374.112
MX-NLE,Nuevo León,Porcentaje,2012,23.2,20.8,2.4,29.1,8.4,39.2,52.3,9.3,12.7,15.5,37,7,3.3,17.6,8.8,31.7,4909.32,1113817.766,1108967.174
MX-NLE,Nuevo León,Porcentaje,2014,20.4,19,1.3,28,9.1,42.5,48.4,6.7,10.8,13.7,33.4,4.6,4.3,14.2,6.4,29.5,5108.82,1161168.669,1207990.997
MX-NLE,Nuevo León,Porcentaje,2016,14.2,13.6,0.6,34.6,5.3,45.9,48.8,6.7,10.7,13.3,33.6,5,2.7,14.4,3.1,19.6,5294.2,1257648.421,1439538.536
MX-NLE,Nuevo León,Porcentaje,2018,14.5,14.1,0.5,34.4,6.6,44.5,49,4.4,10.1,13,34.6,3.1,2.4,12.2,3.1,21.1,5454.85,1353874.513,1745125.14
MX-OAX,Oaxaca,Porcentaje,2008,61.8,33.5,28.3,26.8,1.4,10,88.6,60.5,30.6,54.8,80.4,38.2,57.3,28.6,32.9,63.2,3747.43,226633.787,192561.534
MX-OAX,Oaxaca,Porcentaje,2010,67,37.7,29.2,22.2,1.3,9.5,89.2,54.5,30,38.5,79.4,33.9,58,26.4,36.2,68.3,3846.56,228089.144,208793.741
MX-OAX,Oaxaca,Porcentaje,2012,61.9,38.6,23.3,26.1,1.7,10.3,88,45.7,27.7,20.9,75.7,24.6,55.5,31.7,34.4,63.6,3924.32,239680.171,248833.702
MX-OAX,Oaxaca,Porcentaje,2014,66.8,38.4,28.3,23.3,2.1,7.9,90,49,27.2,19.9,77.9,24.5,60.5,36.1,42.1,68.8,3990.08,250239.106,265613.706
MX-OAX,Oaxaca,Porcentaje,2016,70.4,43.5,26.9,19.9,2.3,7.4,90.3,47.5,27.3,15.9,77.9,26.3,62,31.4,40.2,72.7,4046.49,256580.339,284220.424
MX-OAX,Oaxaca,Porcentaje,2018,66.4,43.1,23.3,22.5,2.6,8.5,88.9,44.8,27.1,16.3,76.2,25.1,58.3,27.9,37.4,69,4097,260440.891,353487.535
MX-PUE,Puebla,Porcentaje,2008,64.6,45.6,19,22.6,4,8.8,87.2,49.1,25.7,56,78,22.6,38.8,27.1,26.9,68.6,5725.49,468969.471,385126.957
MX-PUE,Puebla,Porcentaje,2010,61.5,44.5,17,21.6,5.6,11.3,83.1,40.7,25.3,40.4,72.3,19.6,37.3,27.6,27.7,67.1,5869.07,469967.84,416421.454
MX-PUE,Puebla,Porcentaje,2012,64.5,46.9,17.6,22,4.2,9.4,86.4,38.9,24.1,29.6,77.1,19.4,34.8,30.1,32.9,68.7,6037.92,524226.058,515088.623
MX-PUE,Puebla,Porcentaje,2014,64.5,48.4,16.2,19.8,5.1,10.5,84.4,31.5,22.9,21.2,75.2,18.9,30.6,23.9,31.9,69.7,6198.76,526200.669,540792.718
MX-PUE,Puebla,Porcentaje,2016,59.4,50.5,9,21.5,6.2,12.9,80.9,23.1,19.9,17.4,69.2,14.5,25.7,20.1,23.1,65.6,6345.95,555309.088,628165.6
MX-PUE,Puebla,Porcentaje,2018,58.9,50.3,8.6,23.2,6.1,11.7,82.1,23.7,19.4,20.8,72.1,11.7,26.5,20.8,22.3,65,6478.82,603702.659,743755.794
MX-QUE,Querétaro,Porcentaje,2008,35.2,29.8,5.5,35,5.1,24.7,70.2,21,20.4,26.8,57.7,11.9,14.2,17.9,11,40.3,1754.61,278348.405,228284.803
MX-QUE,Querétaro,Porcentaje,2010,41.4,34,7.4,31.7,5,21.8,73.2,20.2,19.5,22.1,60.6,9.9,17.6,21.3,16,46.4,1842.36,287403.169,256123.884
MX-QUE,Querétaro,Porcentaje,2012,36.9,31.8,5.2,32.6,6.4,24,69.6,16.9,17.5,15.5,56.7,10.9,14.9,19.8,14.7,43.3,1930.89,318294.372,311704.961
MX-QUE,Querétaro,Porcentaje,2014,34.2,30.3,3.9,33.1,7.8,24.9,67.3,14.2,16.4,15.8,54.3,8.9,14.8,15.8,12.3,42,2023.82,342666.454,348716.588
MX-QUE,Querétaro,Porcentaje,2016,31.1,28.2,2.9,32,8.9,27.9,63.1,11.5,14.2,13.2,48.4,9.7,12.7,13.4,10,40.1,2113.73,377947.864,432120.25
MX-QUE,Querétaro,Porcentaje,2018,27.6,25.6,2,38,6.3,28.1,65.6,11.1,14.8,11.8,52.7,8.5,12.7,13.9,7.7,33.9,2197.94,406635.649,517500.974
MX-ROO,Quintana Roo,Porcentaje,2008,33.7,26,7.7,38.4,5,23,72.1,26.5,18.7,34.6,58.4,25.8,12.9,14.8,13.1,38.6,1250.39,203018.581,175082.242
MX-ROO,Quintana Roo,Porcentaje,2010,34.6,28.2,6.4,36.1,4.7,24.6,70.7,23.3,18.3,24.3,53.8,21.7,15.2,21.8,12.1,39.4,1332.93,195148.828,180777.622
MX-ROO,Quintana Roo,Porcentaje,2012,38.8,30.4,8.4,30.4,6.2,24.6,69.2,21.8,17.6,21.2,54.9,19.7,14.5,18.6,16.6,45,1406.41,215709.871,213551.944
MX-ROO,Quintana Roo,Porcentaje,2014,35.9,28.9,7,34.2,6.3,23.7,70,20.8,15.1,18.5,51.5,18.4,18.1,23.2,14.3,42.1,1485.51,233252.369,246516.89
MX-ROO,Quintana Roo,Porcentaje,2016,28.8,24.6,4.2,38.4,4.3,28.4,67.3,18.3,15,17.6,49,17,19.5,16.4,9.3,33.2,1564.92,261497.598,302288.848
MX-ROO,Quintana Roo,Porcentaje,2018,27.6,24.1,3.5,41.2,4.1,27.1,68.8,20.9,15,15.6,51.7,21,21.8,17.9,6.9,31.7,1645.24,286095.168,358943.977
MX-SLP,San Luis Potosí,Porcentaje,2008,50.9,35.5,15.4,25.4,6.4,17.3,76.3,35.9,23,34.4,64.4,22.6,29.1,23.4,22.2,57.3,2561.31,270024.005,225361.594
MX-SLP,San Luis Potosí,Porcentaje,2010,52.4,37.1,15.3,20.9,7.2,19.5,73.3,30.6,22.2,19,57.3,16.3,32.3,30.1,26,59.6,2621.11,269397.22,244786.34
MX-SLP,San Luis Potosí,Porcentaje,2012,50.5,37.7,12.8,24.7,6.6,18.3,75.2,26.9,21.2,14,61.6,13.5,32.5,24.7,23.3,57.1,2680.71,297293.962,297155.564
MX-SLP,San Luis Potosí,Porcentaje,2014,49.1,39.6,9.5,24.3,7.6,19,73.4,20.5,18.4,10.7,59.1,11,28.1,21.6,23.2,56.7,2733.86,316716.343,330242.339
MX-SLP,San Luis Potosí,Porcentaje,2016,45.5,37.8,7.7,24.6,8,21.9,70.2,17.7,17.5,9.1,55.6,9.7,24.7,20.1,20.4,53.5,2781.46,342065.043,400396.415
MX-SLP,San Luis Potosí,Porcentaje,2018,43.4,36.1,7.3,27.7,7.4,21.5,71.1,16,16.9,9,55.5,8.6,26.4,17,19,50.8,2825.16,370089.916,501660.08
MX-SIN,Sinaloa,Porcentaje,2008,32.4,27.8,4.6,40.9,3.5,23.2,73.3,25.3,21.2,29.2,58.8,14.2,18.6,22.7,8.1,35.9,2745.89,316380.798,260205.206
MX-SIN,Sinaloa,Porcentaje,2010,36.7,31.2,5.5,33.3,7.7,22.3,70,19,19.3,21.4,53.6,8.5,15.7,24.5,14.2,44.4,2806.7,312655.113,277104.769
MX-SIN,Sinaloa,Porcentaje,2012,36.3,31.8,4.5,33.5,6.4,23.8,69.8,18.5,18.4,16.6,52.7,10.1,16.1,25.9,13.4,42.6,2893.42,330191.387,325175.665
MX-SIN,Sinaloa,Porcentaje,2014,39.4,34.1,5.3,30.4,6.9,23.4,69.7,19.7,19.1,15.2,49.3,10.8,18,29.6,13.5,46.3,2976.48,340077.857,344506.492
MX-SIN,Sinaloa,Porcentaje,2016,30.8,27.9,2.9,32.8,7.4,28.9,63.7,14.3,15.8,12.2,44.7,11.3,12.8,22.7,8.7,38.2,3049.38,376438.398,423219.311
MX-SIN,Sinaloa,Porcentaje,2018,30.9,28.2,2.7,34.5,6.5,28.1,65.4,15,16.5,13.2,45.4,8.5,14.9,24.5,7.5,37.4,3104.61,390504.775,482808.424
MX-SON,Sonora,Porcentaje,2008,27.1,22.8,4.4,38.7,4.3,30,65.8,18.8,16.1,22.6,49,13.4,13,21.2,7.8,31.4,2590.98,436717.189,360308.272
MX-SON,Sonora,Porcentaje,2010,33.1,28,5.1,31.6,6.8,28.4,64.8,18.9,14,22.7,46.2,11.7,15.3,25.8,10.9,40,2687.48,431501.919,385750.835
MX-SON,Sonora,Porcentaje,2012,29.1,24.2,5,36.6,4.7,29.6,65.7,16.2,13.6,17.1,46.8,10.2,12.6,26,10.2,33.8,2769.54,495926.031,488557.575
MX-SON,Sonora,Porcentaje,2014,29.4,26.1,3.3,32.1,7.3,31.3,61.4,12.9,12.1,14.4,41.8,10.1,8.9,24.9,9.7,36.6,2847.82,522896.949,535720.341
MX-SON,Sonora,Porcentaje,2016,27.9,25.3,2.5,30.9,8.2,33,58.8,11.7,12.3,14.7,41.2,9.5,9.7,21,7.5,36.1,2922.67,578945.379,663322.554
MX-SON,Sonora,Porcentaje,2018,28.2,25.6,2.6,30.1,8.7,33,58.3,12.1,11.4,12.6,41,8.6,10.7,21.5,8.4,36.9,3000.13,581395.25,762759.786
MX-TAB,Tabasco,Porcentaje,2008,53.8,38,15.8,33.8,2.8,9.6,87.6,37.4,21.5,25.6,77.6,17.4,36.7,34.5,24.9,56.6,2167.69,475202.827,414905.271
MX-TAB,Tabasco,Porcentaje,2010,57.1,43.5,13.6,27.2,4.1,11.5,84.3,39,19.8,23.9,73.3,21.7,38.9,33.3,22.4,61.2,2255.25,525011.917,449415.171
MX-TAB,Tabasco,Porcentaje,2012,49.7,35.4,14.3,34,3,13.4,83.6,37.5,19.1,18.2,71.2,19.4,44.7,33.4,23.6,52.7,2325.37,564003.811,592703.438
MX-TAB,Tabasco,Porcentaje,2014,49.6,38.5,11,37.5,2.3,10.6,87,38.5,17,16.9,72.7,13.4,43.9,45,17.9,51.9,2393.66,564794.238,575966.401
MX-TAB,Tabasco,Porcentaje,2016,50.9,39.1,11.8,35.4,2.6,11.1,86.3,36.3,16.5,13.4,67,12.3,48.8,45.3,19.6,53.4,2457.37,534685.495,454246.599
MX-TAB,Tabasco,Porcentaje,2018,53.6,41.4,12.3,33.4,2.5,10.4,87,37.2,16.5,12.6,69.1,12.3,46,46.8,20.8,56.2,2515.93,468708.681,498585.882
MX-TAM,Tamaulipas,Porcentaje,2008,33.8,29,4.8,33.1,7.8,25.2,66.9,17.1,17.3,23.9,55.2,12.3,13,11.8,12.4,41.7,3221.33,483350.662,429771.347
MX-TAM,Tamaulipas,Porcentaje,2010,39,33.5,5.5,26.9,9.4,24.8,65.9,15.4,14.4,20.9,51.1,9.6,16.5,13.6,14.5,48.3,3310.31,448215.116,406896.616
MX-TAM,Tamaulipas,Porcentaje,2012,38.4,33.7,4.7,26.8,8.8,26,65.1,14.3,15.5,15.8,50.6,10.5,10.6,19.2,14.9,47.2,3390.26,466371.322,462474.737
MX-TAM,Tamaulipas,Porcentaje,2014,37.9,33.6,4.3,24.4,11.2,26.5,62.3,12.7,16,15,45.5,8.2,11.5,19.5,16.1,49.1,3461.85,477891.309,498626.182
MX-TAM,Tamaulipas,Porcentaje,2016,32.2,29.3,2.9,28.6,10.1,29.2,60.7,10.1,14.3,12.8,42.3,6.4,9.7,19.2,12.1,42.3,3527.1,500458.048,578652.506
MX-TAM,Tamaulipas,Porcentaje,2018,35.1,31.8,3.3,25.7,13.2,26,60.8,9.8,14.4,12,43.4,7.7,8.9,16.7,15.1,48.3,3590.49,507780.727,669164.565
MX-TLA,Tlaxcala,Porcentaje,2008,59.6,50.1,9.5,23.6,5.6,11.3,83.2,29.1,17.7,44.6,74.9,13.4,12.4,24.8,21.7,65.2,1148.11,83246.79,67699.514
MX-TLA,Tlaxcala,Porcentaje,2010,60.3,50.4,9.9,19.3,7.4,13,79.7,23.3,15.6,33.4,70.8,11.7,13.7,24.1,26.8,67.7,1185.87,88809.886,78454.866
MX-TLA,Tlaxcala,Porcentaje,2012,57.9,48.8,9.1,23.9,6,12.2,81.8,22.9,15.8,24.2,70.8,13,16,28.4,24.4,63.9,1229.57,89918.601,88109.739
MX-TLA,Tlaxcala,Porcentaje,2014,58.9,52.4,6.5,22.6,7.7,10.8,81.5,15.9,14.9,17.5,71.5,9.4,12.1,24,27.1,66.6,1273.77,90362.518,93828.437
MX-TLA,Tlaxcala,Porcentaje,2016,53.9,48.2,5.7,24.4,8.2,13.4,78.4,13.5,13,12.5,66.2,10.2,10.7,22.2,19.6,62.2,1314.42,96859.667,109834.483
MX-TLA,Tlaxcala,Porcentaje,2018,48.4,45.3,3.1,28.6,7.6,15.4,77,13.5,13.1,13.7,67.8,8.7,10.1,20.2,14.9,56,1347.93,99024.914,126446.673
MX-VER,Veracruz,Porcentaje,2008,51.2,34.3,16.8,32.7,3.1,12.9,83.9,46.7,28.4,42.9,72.1,30.5,42.7,25.6,20.8,54.3,7561.55,704314.03,580223.999
MX-VER,Veracruz,Porcentaje,2010,57.6,38.8,18.8,23.6,4.5,14.3,81.2,41.9,25.8,34.9,69.2,24,39.3,26.1,27.8,62.1,7747.68,718148.55,639238.481
MX-VER,Veracruz,Porcentaje,2012,52.6,38.4,14.3,30.6,4,12.8,83.2,36.9,25.8,25.7,68.5,19.7,39.2,28.2,24,56.6,7957.24,779730.434,777750.647
MX-VER,Veracruz,Porcentaje,2014,58,40.9,17.2,24.8,5,12.2,82.8,37.3,27.8,21.7,68.5,16.8,40,30,29.2,63,8150.88,780785.356,810516.492
MX-VER,Veracruz,Porcentaje,2016,62.2,45.8,16.4,19.9,5,12.9,82.1,33.4,25.7,19.4,68,17.5,39.2,22.2,30.6,67.1,8316.6,784930.108,862619.629
MX-VER,Veracruz,Porcentaje,2018,61.8,44.1,17.7,21.1,6.1,10.9,82.9,33.3,25,16.7,67.5,16.9,42.1,27,32.2,67.9,8434.16,794376.31,983738.137
MX-YUC,Yucatán,Porcentaje,2008,47,38.2,8.9,29.5,4.7,18.7,76.6,35.2,26.2,26.9,61,24.3,41.9,16.2,13,51.8,1929.92,193158.623,159011.746
MX-YUC,Yucatán,Porcentaje,2010,48.3,36.6,11.7,26,6.4,19.2,74.3,31.9,24.7,20.7,56.9,19.5,37.4,21.4,17.9,54.8,1979.7,196149.981,175773.5
MX-YUC,Yucatán,Porcentaje,2012,48.9,39,9.8,27,6.3,17.9,75.9,32.7,23.4,15.7,58.8,20.6,42.7,25.1,16.6,55.1,2041.58,214700.599,209189.067
MX-YUC,Yucatán,Porcentaje,2014,45.9,35.2,10.7,27.7,7,19.5,73.5,27.4,21.8,14.5,54.4,17.5,40.4,18.4,20.7,52.8,2100.82,223858.768,232467.744
MX-YUC,Yucatán,Porcentaje,2016,41.9,35.7,6.1,32.5,5.7,19.9,74.3,24.3,20.6,14.4,54.2,15.8,35.5,19.3,11.8,47.6,2155.88,242505.306,275534.828
MX-YUC,Yucatán,Porcentaje,2018,40.8,34.1,6.7,33.3,5.5,20.4,74.1,25.1,19.7,14.1,55.3,13.6,38.4,19.4,12.5,46.3,2208.24,260417.828,329373.441
MX-ZAC,Zacatecas,Porcentaje,2008,50.1,40.6,9.5,27.8,6.1,16,77.9,25,24.5,32.1,67.8,9.6,14.6,19.7,22.3,56.2,1465.79,126383.577,102382.135
MX-ZAC,Zacatecas,Porcentaje,2010,60.2,49.4,10.8,18.4,6.9,14.5,78.6,23.5,22.9,25.6,66.6,5.9,17.8,24.9,29.7,67.1,1508.11,144730.56,130183.528
MX-ZAC,Zacatecas,Porcentaje,2012,54.2,46.7,7.5,20.4,6.4,19,74.6,15.2,21.1,16.7,62.9,5.1,10.9,22.3,30.3,60.6,1548.01,148728.64,157643.57
MX-ZAC,Zacatecas,Porcentaje,2014,52.3,46.6,5.7,24.4,7.3,16,76.7,13.3,21.6,14.9,63.4,4.9,13.3,16.8,26.7,59.7,1584.74,156808.457,156773.426
MX-ZAC,Zacatecas,Porcentaje,2016,49,45.5,3.5,24.4,8.9,17.7,73.4,10.3,17.7,11.5,60.4,5.1,10.7,15.1,21,57.9,1616.68,157998.056,187277.522
MX-ZAC,Zacatecas,Porcentaje,2018,46.8,43.4,3.4,28.7,7.7,16.8,75.5,10.5,17.8,11.7,62.6,5.4,10.4,16.6,17.2,54.5,1642.39,156725.476,205854.33
MX-AGU,Aguascalientes,Carencias promedio,2008,2,1.8,3.5,1.8,0,0,1.9,3.4,2.4,2.5,2,3.1,3.1,2.5,2,1.6,1153.47,150949.983,126346.473
MX-AGU,Aguascalientes,Carencias promedio,2010,1.9,1.8,3.4,1.7,0,0,1.8,3.3,2.3,2.4,2,2.8,2.9,2.3,1.9,1.6,1198.51,152205.212,138350.48
MX-AGU,Aguascalientes,Carencias promedio,2012,1.8,1.7,3.4,1.5,0,0,1.7,3.3,2.2,2.5,1.9,2.7,2.9,2.2,1.8,1.5,1250.96,167705.967,166978.119
MX-AGU,Aguascalientes,Carencias promedio,2014,1.7,1.6,3.4,1.5,0,0,1.6,3.3,2.1,2.4,1.8,2.7,2.8,2,1.6,1.4,1305.27,190482.862,195180.365
MX-AGU,Aguascalientes,Carencias promedio,2016,1.7,1.6,3.3,1.5,0,0,1.6,3.2,2.1,2.4,1.8,2.4,2.8,2,1.7,1.2,1355.32,211672.469,248849.972
MX-AGU,Aguascalientes,Carencias promedio,2018,1.6,1.5,3.2,1.5,0,0,1.6,3.2,1.9,2.3,1.7,2.4,2.7,1.9,1.4,1.2,1395.79,224807.469,298147.899
MX-BCN,Baja California,Carencias promedio,2008,2.1,2,3.4,1.9,0,0,2,3.3,2.5,2.5,2.1,2.9,2.9,2.7,2.3,1.8,3064.93,457556.565,395576.586
MX-BCN,Baja California,Carencias promedio,2010,2.2,2,3.4,1.8,0,0,2,3.4,2.5,2.5,2.1,2.8,3,2.6,2.1,1.8,3183.65,428162.546,393693.175
MX-BCN,Baja California,Carencias promedio,2012,1.9,1.8,3.3,1.7,0,0,1.8,3.3,2.4,2.4,1.9,2.7,3.1,2.4,1.8,1.5,3258.39,456024.472,456744.955
MX-BCN,Baja California,Carencias promedio,2014,2.1,1.9,3.8,1.8,0,0,1.9,3.6,2.6,2.6,2.1,3,3.1,2.8,2,1.7,3326.22,478121.939,501905.007
MX-BCN,Baja California,Carencias promedio,2016,1.8,1.8,3.2,1.6,0,0,1.7,3.3,2.2,2.4,1.9,2.4,2.7,2.1,1.7,1.4,3403.34,535552.651,647659.731
MX-BCN,Baja California,Carencias promedio,2018,1.9,1.7,3.5,1.6,0,0,1.7,3.3,2.2,2.4,1.9,2.4,2.6,2.3,1.9,1.4,3521.24,565895.378,762863.786
MX-BCS,Baja California Sur,Carencias promedio,2008,2.2,2.1,3.6,1.9,0,0,2,3.5,2.6,2.7,2.2,2.9,3.1,2.9,2.1,1.8,589.29,108975.356,92207.468
MX-BCS,Baja California Sur,Carencias promedio,2010,2.3,2,3.8,1.8,0,0,2.1,3.7,2.7,2.9,2.3,3.3,3.6,2.6,2.4,2,636.19,110656.4,100789.574
MX-BCS,Baja California Sur,Carencias promedio,2012,2.1,1.9,3.5,1.7,0,0,1.9,3.6,2.6,2.8,2.1,3.1,3.5,2.5,1.9,1.7,668.64,117345.833,114898.751
MX-BCS,Baja California Sur,Carencias promedio,2014,2.1,1.9,3.6,1.9,0,0,2,3.6,2.7,2.8,2.2,3,3.4,2.6,2.1,1.8,702.92,116027.018,119613.084
MX-BCS,Baja California Sur,Carencias promedio,2016,2,1.9,3.6,1.8,0,0,1.9,3.4,2.4,2.6,2,2.7,2.8,2.4,1.8,1.5,737,133948.675,155809.224
MX-BCS,Baja California Sur,Carencias promedio,2018,2,1.9,3.6,1.7,0,0,1.8,3.4,2.3,2.6,2,2.6,2.6,2.2,2,1.6,771.29,173047.36,232124.237
MX-CAM,Campeche,Carencias promedio,2008,2.8,2.4,3.8,2.2,0,0,2.5,3.7,3.2,3.3,2.8,3.5,3.3,3.4,3,2.5,809.04,867231.044,740140.02
MX-CAM,Campeche,Carencias promedio,2010,2.8,2.4,3.8,2.1,0,0,2.6,3.7,3.2,3.3,2.8,3.6,3.3,3.3,3,2.6,833.94,753968.591,620535.423
MX-CAM,Campeche,Carencias promedio,2012,2.4,2.1,3.4,1.9,0,0,2.2,3.4,2.9,2.8,2.3,3.2,2.9,3,2.5,2.1,867.06,714787.065,779041.23
MX-CAM,Campeche,Carencias promedio,2014,2.6,2.2,3.6,2,0,0,2.3,3.5,3,3.1,2.5,3.2,2.9,3,2.7,2.3,900.59,685981.27,696682.543
MX-CAM,Campeche,Carencias promedio,2016,2.3,2.1,3.5,1.8,0,0,2.1,3.5,2.8,2.9,2.3,3.1,2.9,2.7,2.4,2.1,933.44,600612.272,412424.333
MX-CAM,Campeche,Carencias promedio,2018,2.4,2.1,3.5,2,0,0,2.2,3.5,3,3,2.4,3.2,2.9,2.8,2.6,2.2,967.32,529584.304,550454.12
MX-COA,Coahuila,Carencias promedio,2008,1.9,1.8,3.4,1.6,0,0,1.8,3.3,2.1,2.5,2.1,2.9,2.6,2.1,1.8,1.4,2693.77,498326.775,401229.645
MX-COA,Coahuila,Carencias promedio,2010,1.9,1.7,3.4,1.7,0,0,1.8,3.3,2.1,2.5,2.1,2.7,2.7,2.1,1.6,1.3,2786.12,489951.776,433984.977
MX-COA,Coahuila,Carencias promedio,2012,2,1.8,3.4,1.6,0,0,1.8,3.4,2.3,2.6,2.1,2.8,2.8,2.1,1.8,1.3,2874.75,549551.802,543684.552
MX-COA,Coahuila,Carencias promedio,2014,1.9,1.7,3.5,1.5,0,0,1.7,3.4,2.1,2.6,2.1,2.9,2.7,2,1.9,1.4,2960.15,559217.153,579802.09
MX-COA,Coahuila,Carencias promedio,2016,1.8,1.7,3.5,1.5,0,0,1.7,3.3,2,2.4,1.9,2.6,2.4,1.9,1.6,1.2,3043.06,572243.615,684776.144
MX-COA,Coahuila,Carencias promedio,2018,1.8,1.7,3.3,1.5,0,0,1.6,3.3,2,2.5,1.9,2.4,2.5,1.9,1.7,1.2,3132.02,609051.269,826455.799
MX-COL,Colima,Carencias promedio,2008,2,1.9,3.5,1.7,0,0,1.8,3.4,2.3,2.5,2,2.9,3.2,2.6,1.8,1.8,624.11,78953.717,65592.169
MX-COL,Colima,Carencias promedio,2010,2.2,2,3.7,1.7,0,0,1.9,3.5,2.6,2.7,2.1,3.1,3.4,2.7,2.1,1.9,655.21,81992.178,72901.369
MX-COL,Colima,Carencias promedio,2012,2.1,1.9,3.7,1.7,0,0,1.9,3.5,2.5,2.7,2.1,3.1,3.3,2.5,2.1,1.8,681.89,90540.289,87516.444
MX-COL,Colima,Carencias promedio,2014,2.1,1.9,3.6,1.7,0,0,1.9,3.4,2.5,2.6,2.1,3,3.2,2.5,2.1,1.8,708.74,93703.258,96603.958
MX-COL,Colima,Carencias promedio,2016,2,1.8,3.5,1.6,0,0,1.8,3.4,2.3,2.6,2,2.8,2.9,2.4,2.1,1.6,734.66,98576.211,110204.725
MX-COL,Colima,Carencias promedio,2018,1.9,1.8,3.5,1.7,0,0,1.8,3.4,2.4,2.7,1.9,2.9,2.9,2.4,1.9,1.6,760.33,104474.901,132943.19
MX-CHP,Chiapas,Carencias promedio,2008,3.3,2.7,4,2.2,0,0,3.1,3.9,3.9,3.7,3.3,4.1,3.8,4.1,3.5,3.3,4666.82,258289.89,219146.599
MX-CHP,Chiapas,Carencias promedio,2010,3.2,2.4,3.9,2.2,0,0,3,3.8,3.7,3.8,3.2,4,3.5,3.9,3.4,3.1,4857.91,270989.331,240499.032
MX-CHP,Chiapas,Carencias promedio,2012,2.9,2.2,3.8,2,0,0,2.7,3.7,3.5,3.6,2.9,3.8,3.3,3.7,3.2,2.8,5038.79,284733.625,281695.954
MX-CHP,Chiapas,Carencias promedio,2014,2.8,2.1,3.7,2.1,0,0,2.7,3.7,3.5,3.6,2.8,3.8,3.2,3.6,3,2.7,5220.62,294029.165,300375.744
MX-CHP,Chiapas,Carencias promedio,2016,2.5,2,3.5,1.9,0,0,2.4,3.5,3.1,3.3,2.5,3.4,3,3.3,2.7,2.4,5393.94,287034.269,318560.217
MX-CHP,Chiapas,Carencias promedio,2018,2.7,2,3.7,1.9,0,0,2.6,3.6,3.3,3.4,2.6,3.7,3.1,3.5,2.8,2.6,5563.87,271621.449,332598.489
MX-CHH,Chihuahua,Carencias promedio,2008,2.6,2.1,4.2,1.8,0,0,2.2,3.8,2.9,2.9,2.3,4,3.9,3.4,3,2.1,3397.99,440792.887,369944.074
MX-CHH,Chihuahua,Carencias promedio,2010,2.1,1.8,3.7,1.5,0,0,1.9,3.6,2.4,2.8,2,3.3,3.4,2.6,2.2,1.6,3461.88,417796.42,382215.09
MX-CHH,Chihuahua,Carencias promedio,2012,1.9,1.7,3.5,1.5,0,0,1.7,3.4,2.2,2.5,1.8,2.8,3,2.3,1.7,1.4,3531.6,459166.22,463972.509
MX-CHH,Chihuahua,Carencias promedio,2014,2.1,1.7,4.1,1.5,0,0,1.8,3.7,2.5,2.8,2,3.3,3.4,2.4,2.1,1.5,3590.34,485693.517,510950.825
MX-CHH,Chihuahua,Carencias promedio,2016,1.9,1.6,3.8,1.5,0,0,1.7,3.5,2.3,2.6,1.9,2.8,3,2.2,1.9,1.4,3649.42,534205.546,656275.66
MX-CHH,Chihuahua,Carencias promedio,2018,1.9,1.7,3.5,1.5,0,0,1.7,3.5,2.2,2.5,1.9,2.8,3.1,2.2,1.8,1.3,3727.98,562599.228,759815.431
MX-CMX,Cuidad de México,Carencias promedio,2008,2.2,2.1,3.5,1.8,0,0,2,3.3,2.5,2.5,2.1,3.2,2.9,2.6,2.3,1.8,8942.67,2450391.202,2052359.403
MX-CMX,Cuidad de México,Carencias promedio,2010,2.1,2,3.5,1.8,0,0,1.9,3.3,2.4,2.4,2.1,2.9,2.9,2.6,2.2,1.8,8981.87,2446910.439,2229200.756
MX-CMX,Cuidad de México,Carencias promedio,2012,2,1.8,3.4,1.6,0,0,1.8,3.3,2.3,2.3,1.8,2.8,3.2,2.5,2.1,1.6,9049.1,2633934.642,2563863.36
MX-CMX,Cuidad de México,Carencias promedio,2014,1.8,1.7,3.2,1.6,0,0,1.7,3.2,2.1,2.3,1.8,2.4,2.7,2.2,1.8,1.4,9062.02,2748551.988,2798138.054
MX-CMX,Cuidad de México,Carencias promedio,2016,1.8,1.7,3.3,1.6,0,0,1.7,3.2,2.1,2.2,1.8,2.5,2.8,2.2,1.8,1.4,9053.99,2957233.594,3163657.853
MX-CMX,Cuidad de México,Carencias promedio,2018,1.8,1.7,3.2,1.6,0,0,1.7,3.2,2.1,2.3,1.8,2.5,2.6,2.1,1.7,1.4,9041.4,3128247.71,3609401.851
MX-DUR,Durango,Carencias promedio,2008,2.5,2.1,3.7,2,0,0,2.3,3.6,2.9,2.9,2.5,3.7,3.3,3.1,2.7,2.1,1611.82,165722.989,133623.021
MX-DUR,Durango,Carencias promedio,2010,2.3,1.9,3.6,1.8,0,0,2.1,3.4,2.8,2.8,2.3,3.3,2.9,2.8,2.4,1.9,1656.6,169268.084,146770.242
MX-DUR,Durango,Carencias promedio,2012,2,1.7,3.4,1.7,0,0,1.9,3.3,2.5,2.7,2,2.9,2.8,2.6,1.9,1.6,1708.44,182943.056,180059.762
MX-DUR,Durango,Carencias promedio,2014,1.9,1.7,3.4,1.6,0,0,1.8,3.3,2.3,2.6,2,2.9,2.6,2.3,1.9,1.5,1758.16,192968.629,199491.872
MX-DUR,Durango,Carencias promedio,2016,1.8,1.6,3.6,1.6,0,0,1.7,3.3,2.2,2.6,1.8,2.7,2.5,2.2,1.8,1.4,1801.96,200660.962,233458.628
MX-DUR,Durango,Carencias promedio,2018,1.7,1.6,3.3,1.5,0,0,1.6,3.2,2.1,2.4,1.8,2.5,2.5,2.1,1.5,1.3,1836.46,202546.99,260477.668
MX-GUA,Guanajuato,Carencias promedio,2008,2.6,2.3,3.7,2,0,0,2.3,3.5,2.9,2.9,2.5,3.5,3.4,2.9,2.8,2.3,5331.1,503024.423,419537.053
MX-GUA,Guanajuato,Carencias promedio,2010,2.4,2.1,3.5,1.8,0,0,2.1,3.4,2.7,2.7,2.3,3.4,3,2.9,2.6,2.1,5542.93,517168.681,459867.979
MX-GUA,Guanajuato,Carencias promedio,2012,2.2,2,3.5,1.8,0,0,2.1,3.4,2.6,2.7,2.2,3.1,3.1,2.6,2.4,2,5703.99,570921.987,565796.766
MX-GUA,Guanajuato,Carencias promedio,2014,2,1.8,3.6,1.7,0,0,1.9,3.4,2.5,2.7,2.1,2.9,2.9,2.6,2,1.7,5857.98,620084.804,649953.073
MX-GUA,Guanajuato,Carencias promedio,2016,1.9,1.7,3.4,1.7,0,0,1.8,3.3,2.3,2.6,2,2.8,2.7,2.3,1.9,1.6,5997.49,673328.294,783268.338
MX-GUA,Guanajuato,Carencias promedio,2018,1.9,1.7,3.4,1.7,0,0,1.8,3.3,2.4,2.6,1.9,2.8,2.7,2.4,1.9,1.6,6117.21,712902.447,961215.854
MX-GRO,Guerrero,Carencias promedio,2008,3.5,2.9,4.2,2.6,0,0,3.3,4,4.1,3.8,3.5,4.1,4,4.1,3.8,3.4,3336.89,208284.821,167978.877
MX-GRO,Guerrero,Carencias promedio,2010,3.4,2.8,4.1,2.5,0,0,3.2,3.9,3.9,3.8,3.4,4,3.8,3.8,3.7,3.3,3429.88,211890.535,186370.38
MX-GRO,Guerrero,Carencias promedio,2012,3,2.4,3.8,2.3,0,0,2.9,3.7,3.6,3.7,3,3.8,3.4,3.6,3.2,2.9,3495.92,218118.481,212366.441
MX-GRO,Guerrero,Carencias promedio,2014,3,2.5,3.7,2.3,0,0,2.8,3.7,3.6,3.6,2.9,3.7,3.3,3.5,3.1,2.9,3551.77,227659.005,234183.853
MX-GRO,Guerrero,Carencias promedio,2016,2.7,2.2,3.6,2,0,0,2.5,3.6,3.3,3.3,2.7,3.4,3.1,3.2,2.9,2.6,3597.31,234185.03,265235.738
MX-GRO,Guerrero,Carencias promedio,2018,2.8,2.3,3.7,2,0,0,2.6,3.6,3.5,3.4,2.8,3.6,3.1,3.3,3.1,2.7,3629.73,240983.724,303673.224
MX-HID,Hidalgo,Carencias promedio,2008,2.8,2.5,3.8,2.2,0,0,2.6,3.7,3.4,3,2.7,3.9,3.6,3.7,3.1,2.7,2574.51,208800.335,175038.767
MX-HID,Hidalgo,Carencias promedio,2010,2.6,2.3,3.7,2.1,0,0,2.4,3.6,3.2,3,2.5,3.7,3.3,3.2,2.7,2.4,2688.91,206303.584,184470.154
MX-HID,Hidalgo,Carencias promedio,2012,2.3,2,3.5,1.8,0,0,2.1,3.4,2.9,2.8,2.2,3.3,2.9,2.8,2.4,2.2,2775.1,222797.005,231618.44
MX-HID,Hidalgo,Carencias promedio,2014,2.3,2,3.5,1.8,0,0,2.2,3.4,2.9,2.8,2.3,3.6,3.1,2.9,2.5,2.1,2859.24,243064.784,256398.844
MX-HID,Hidalgo,Carencias promedio,2016,2.2,2,3.5,1.8,0,0,2,3.4,2.8,2.7,2.1,3.3,2.9,2.8,2.4,2,2938.76,268833.622,300101.36
MX-HID,Hidalgo,Carencias promedio,2018,2.1,1.9,3.4,1.8,0,0,1.9,3.4,2.7,2.6,2,3.3,2.8,2.7,2.3,1.9,3014.26,277326.475,383074.328
MX-JAL,Jalisco,Carencias promedio,2008,2.3,2.1,3.6,1.9,0,0,2.1,3.4,2.7,2.6,2.3,3,2.9,2.7,2.4,2,7235.9,918573.456,750814.023
MX-JAL,Jalisco,Carencias promedio,2010,2.3,2,3.7,1.9,0,0,2.1,3.5,2.7,2.7,2.3,3.6,3,2.7,2.3,1.9,7461.86,925371.837,821289.839
MX-JAL,Jalisco,Carencias promedio,2012,2.1,1.9,3.5,1.8,0,0,2,3.4,2.6,2.6,2.2,2.9,3.2,2.6,2.1,1.8,7672.91,995285.999,970346.145
MX-JAL,Jalisco,Carencias promedio,2014,1.9,1.7,3.4,1.7,0,0,1.8,3.3,2.3,2.5,2,2.6,2.7,2.3,2,1.5,7870.82,1067256.762,1107264.088
MX-JAL,Jalisco,Carencias promedio,2016,1.8,1.7,3.4,1.6,0,0,1.7,3.3,2.2,2.4,1.8,2.5,2.6,2.2,1.9,1.5,8055.96,1149129.548,1340583.331
MX-JAL,Jalisco,Carencias promedio,2018,2,1.8,3.8,1.6,0,0,1.8,3.4,2.3,2.5,2,2.9,2.9,2.4,2.1,1.6,8238.99,1207897.462,1568752.029
MX-MEX,Mexico,Carencias promedio,2008,2.6,2.4,3.7,2,0,0,2.3,3.5,3.1,2.8,2.5,3.5,3.3,3.1,2.9,2.4,14918.91,1198144.35,981146.431
MX-MEX,Mexico,Carencias promedio,2010,2.5,2.2,3.6,1.9,0,0,2.2,3.5,3.1,2.8,2.5,3.4,3.2,2.7,2.8,2.2,15377.96,1226813.687,1085724.153
MX-MEX,Mexico,Carencias promedio,2012,2,1.8,3.4,1.8,0,0,1.9,3.3,2.6,2.5,2,3,2.9,2.6,2.1,1.7,15820.4,1339994.611,1300309.612
MX-MEX,Mexico,Carencias promedio,2014,2,1.8,3.4,1.7,0,0,1.9,3.4,2.6,2.6,2,2.9,2.9,2.5,2.1,1.7,16248.08,1402291.945,1451590.566
MX-MEX,Mexico,Carencias promedio,2016,2,1.8,3.5,1.6,0,0,1.9,3.4,2.5,2.6,2,2.9,2.8,2.5,2.2,1.7,16658.5,1485467.443,1696120.275
MX-MEX,Mexico,Carencias promedio,2018,2,1.8,3.4,1.7,0,0,1.9,3.3,2.6,2.5,2,2.9,2.8,2.5,2.1,1.6,17056.67,1605830.823,2008057.047
MX-MIC,Michoacán,Carencias promedio,2008,3.1,2.7,4.1,2.4,0,0,2.8,3.8,3.6,3.2,3,4.1,3.9,3.7,3.3,3,4265.04,334657.914,270330.443
MX-MIC,Michoacán,Carencias promedio,2010,2.8,2.5,3.9,2.2,0,0,2.6,3.7,3.3,3.2,2.8,3.7,3.6,3.5,3.1,2.6,4397.95,329767.26,290183.885
MX-MIC,Michoacán,Carencias promedio,2012,2.6,2.2,3.7,2.2,0,0,2.5,3.7,3.2,3.2,2.6,3.7,3.4,3.2,2.8,2.5,4505.4,352030.387,348282.352
MX-MIC,Michoacán,Carencias promedio,2014,2.5,2.2,3.7,2,0,0,2.4,3.6,3,3.1,2.5,3.6,3.3,3.1,2.8,2.4,4601.24,379655.442,391994.837
MX-MIC,Michoacán,Carencias promedio,2016,2.3,2.1,3.6,2,0,0,2.2,3.5,2.8,2.9,2.4,3.5,3.1,2.9,2.4,2.2,4684.83,402111.981,456455.946
MX-MIC,Michoacán,Carencias promedio,2018,2.2,2,3.6,1.9,0,0,2.1,3.5,2.7,2.8,2.2,3.3,3.2,2.9,2.3,2,4757.48,424377.529,547934.961
MX-MOR,Morelos,Carencias promedio,2008,2.5,2.3,3.6,2.1,0,0,2.4,3.5,3.1,2.9,2.5,3.5,3.2,3.1,2.6,2.4,1734.47,169672.507,140312.172
MX-MOR,Morelos,Carencias promedio,2010,2.4,2.1,3.7,2.1,0,0,2.2,3.5,2.9,2.8,2.4,3.3,3.1,3,2.6,2.1,1797.09,174984.467,156265.662
MX-MOR,Morelos,Carencias promedio,2012,2.3,2.1,3.6,2,0,0,2.2,3.5,2.9,2.9,2.3,3.4,3.2,2.8,2.4,2.1,1852.26,175717.837,171825.31
MX-MOR,Morelos,Carencias promedio,2014,2.2,2,3.6,1.9,0,0,2.1,3.4,2.8,2.8,2.2,3.3,3,2.8,2.3,2,1905.27,185662.448,189051.143
MX-MOR,Morelos,Carencias promedio,2016,2,1.8,3.4,1.7,0,0,1.9,3.4,2.6,2.5,2,3.1,2.8,2.6,2.1,1.7,1954.72,194412.078,219509.801
MX-MOR,Morelos,Carencias promedio,2018,2.1,1.8,3.4,1.7,0,0,1.9,3.4,2.7,2.7,2.1,3,2.8,2.6,2.2,1.9,2000.53,201363.236,250283.517
MX-NAY,Nayarit,Carencias promedio,2008,2.3,2,3.7,2,0,0,2.1,3.6,2.8,2.8,2.3,3.6,3.4,3.2,2.4,2.1,1045.33,98292.89,81399.737
MX-NAY,Nayarit,Carencias promedio,2010,2.3,2,3.9,1.8,0,0,2.1,3.7,2.7,2.9,2.3,3.5,3.5,3,2.6,2.1,1094.43,97786.134,88014.112
MX-NAY,Nayarit,Carencias promedio,2012,2.4,1.8,4,1.7,0,0,2.1,3.7,2.7,3,2.3,3.8,3.4,3,2.7,2.1,1135.53,100800.218,99032.581
MX-NAY,Nayarit,Carencias promedio,2014,2.2,1.8,3.7,1.6,0,0,2,3.5,2.4,2.7,2.2,3.4,3.1,2.7,2.4,1.9,1176.13,108986.732,112501.791
MX-NAY,Nayarit,Carencias promedio,2016,2.2,1.8,3.8,1.7,0,0,2,3.5,2.6,2.7,2.1,3.4,3,2.7,2.5,1.9,1214.63,119473.243,136301.611
MX-NAY,Nayarit,Carencias promedio,2018,2.2,1.8,3.9,1.6,0,0,1.9,3.6,2.6,2.6,2.1,3.3,3.1,2.9,2.5,1.9,1252.36,120495.124,155275.712
MX-NLE,Nuevo León,Carencias promedio,2008,2.3,2.1,3.6,1.7,0,0,1.9,3.5,2.3,2.5,2.1,3.1,3,2.6,2.3,1.7,4538.95,1020366.768,873801.707
MX-NLE,Nuevo León,Carencias promedio,2010,2,1.8,3.5,1.7,0,0,1.8,3.4,2.1,2.4,2,2.6,3.2,2.3,1.9,1.4,4712.65,1025184.258,943374.112
MX-NLE,Nuevo León,Carencias promedio,2012,2,1.8,3.5,1.6,0,0,1.8,3.3,2.1,2.5,2,2.7,3,2.2,1.9,1.4,4909.32,1113817.766,1108967.174
MX-NLE,Nuevo León,Carencias promedio,2014,1.8,1.7,3.3,1.6,0,0,1.7,3.4,2,2.4,1.9,2.5,2.8,2,1.7,1.2,5108.82,1161168.669,1207990.997
MX-NLE,Nuevo León,Carencias promedio,2016,1.8,1.7,3.4,1.6,0,0,1.6,3.3,2,2.4,1.8,2.5,2.6,1.9,1.7,1.3,5294.2,1257648.421,1439538.536
MX-NLE,Nuevo León,Carencias promedio,2018,1.6,1.6,3.3,1.5,0,0,1.5,3.3,1.8,2.3,1.7,2.3,2.5,1.7,1.5,1.1,5454.85,1353874.513,1745125.14
MX-OAX,Oaxaca,Carencias promedio,2008,3.6,3.1,4.2,2.5,0,0,3.3,4,4.1,3.8,3.4,4.2,3.9,4.3,3.9,3.5,3747.43,226633.787,192561.534
MX-OAX,Oaxaca,Carencias promedio,2010,3.2,2.6,4,2.3,0,0,3,3.8,3.9,3.7,3.1,3.9,3.5,4,3.5,3.1,3846.56,228089.144,208793.741
MX-OAX,Oaxaca,Carencias promedio,2012,2.9,2.4,3.8,2.1,0,0,2.7,3.7,3.5,3.4,2.8,3.8,3.2,3.6,3.1,2.8,3924.32,239680.171,248833.702
MX-OAX,Oaxaca,Carencias promedio,2014,2.9,2.3,3.8,2.2,0,0,2.7,3.7,3.5,3.5,2.9,3.8,3.2,3.5,3.1,2.8,3990.08,250239.106,265613.706
MX-OAX,Oaxaca,Carencias promedio,2016,2.8,2.3,3.7,2.2,0,0,2.7,3.6,3.4,3.3,2.8,3.6,3.1,3.5,3,2.7,4046.49,256580.339,284220.424
MX-OAX,Oaxaca,Carencias promedio,2018,2.8,2.3,3.6,2.1,0,0,2.6,3.5,3.3,3.3,2.7,3.6,3,3.4,2.9,2.6,4097,260440.891,353487.535
MX-PUE,Puebla,Carencias promedio,2008,3,2.7,4,2.3,0,0,2.8,3.8,3.7,3.3,3,4,3.7,3.7,3.3,2.9,5725.49,468969.471,385126.957
MX-PUE,Puebla,Carencias promedio,2010,2.8,2.4,3.9,2.2,0,0,2.7,3.8,3.6,3.2,2.8,4,3.5,3.4,3,2.6,5869.07,469967.84,416421.454
MX-PUE,Puebla,Carencias promedio,2012,2.6,2.2,3.7,2.2,0,0,2.5,3.6,3.3,3.1,2.6,3.7,3.3,3.1,2.7,2.4,6037.92,524226.058,515088.623
MX-PUE,Puebla,Carencias promedio,2014,2.4,2,3.6,1.9,0,0,2.3,3.5,3.1,2.9,2.4,3.4,3.1,3,2.6,2.2,6198.76,526200.669,540792.718
MX-PUE,Puebla,Carencias promedio,2016,2.2,1.9,3.5,1.7,0,0,2.1,3.5,2.8,2.8,2.2,3.2,2.9,2.8,2.3,2,6345.95,555309.088,628165.6
MX-PUE,Puebla,Carencias promedio,2018,2.2,1.9,3.6,1.8,0,0,2.1,3.5,2.9,2.8,2.2,3.3,2.9,2.8,2.3,2,6478.82,603702.659,743755.794
MX-QUE,Querétaro,Carencias promedio,2008,2.3,2.1,3.8,1.9,0,0,2.1,3.5,2.7,2.7,2.3,3.3,3.2,2.7,2.7,2,1754.61,278348.405,228284.803
MX-QUE,Querétaro,Carencias promedio,2010,2.2,2,3.6,1.8,0,0,2.1,3.4,2.7,2.7,2.2,3.1,3,2.7,2.5,2,1842.36,287403.169,256123.884
MX-QUE,Querétaro,Carencias promedio,2012,2.1,1.9,3.6,1.8,0,0,1.9,3.5,2.6,2.6,2.1,3.1,3,2.7,2.2,1.8,1930.89,318294.372,311704.961
MX-QUE,Querétaro,Carencias promedio,2014,2,1.8,3.6,1.7,0,0,1.9,3.4,2.5,2.5,2,3.1,2.9,2.5,2,1.6,2023.82,342666.454,348716.588
MX-QUE,Querétaro,Carencias promedio,2016,1.9,1.7,3.5,1.7,0,0,1.8,3.3,2.4,2.5,1.9,2.5,2.6,2.3,1.9,1.5,2113.73,377947.864,432120.25
MX-QUE,Querétaro,Carencias promedio,2018,1.9,1.8,3.4,1.6,0,0,1.7,3.4,2.4,2.5,1.8,2.7,2.6,2.4,1.9,1.5,2197.94,406635.649,517500.974
MX-ROO,Quintana Roo,Carencias promedio,2008,2.7,2.3,3.9,2,0,0,2.3,3.6,3,2.9,2.5,3.1,3.6,3.1,2.9,2.3,1250.39,203018.581,175082.242
MX-ROO,Quintana Roo,Carencias promedio,2010,2.4,2.2,3.6,2,0,0,2.2,3.5,2.8,2.8,2.4,2.9,3.1,2.8,2.6,2.1,1332.93,195148.828,180777.622
MX-ROO,Quintana Roo,Carencias promedio,2012,2.3,2,3.5,1.9,0,0,2.1,3.4,2.8,2.7,2.3,2.9,3,2.8,2.5,2,1406.41,215709.871,213551.944
MX-ROO,Quintana Roo,Carencias promedio,2014,2.3,2,3.5,1.8,0,0,2.1,3.4,2.8,2.7,2.3,2.9,3,2.5,2.5,2,1485.51,233252.369,246516.89
MX-ROO,Quintana Roo,Carencias promedio,2016,2.3,2.1,3.5,1.8,0,0,2,3.4,2.7,2.7,2.2,2.7,2.8,2.6,2.4,2,1564.92,261497.598,302288.848
MX-ROO,Quintana Roo,Carencias promedio,2018,2.4,2.2,3.6,1.9,0,0,2.1,3.4,2.8,2.8,2.3,2.8,2.9,2.7,2.6,2.1,1645.24,286095.168,358943.977
MX-SLP,San Luis Potosí,Carencias promedio,2008,2.8,2.4,3.9,2.1,0,0,2.6,3.7,3.3,3.2,2.8,3.8,3.6,3.5,3.1,2.5,2561.31,270024.005,225361.594
MX-SLP,San Luis Potosí,Carencias promedio,2010,2.6,2.2,3.8,1.9,0,0,2.4,3.7,3,3.1,2.7,3.8,3.2,3.1,2.8,2.3,2621.11,269397.22,244786.34
MX-SLP,San Luis Potosí,Carencias promedio,2012,2.4,2,3.7,1.8,0,0,2.2,3.5,2.9,2.9,2.4,3.6,3,2.9,2.7,2.1,2680.71,297293.962,297155.564
MX-SLP,San Luis Potosí,Carencias promedio,2014,2.2,1.9,3.6,1.7,0,0,2,3.5,2.6,2.8,2.2,3.4,2.8,2.8,2.3,1.9,2733.86,316716.343,330242.339
MX-SLP,San Luis Potosí,Carencias promedio,2016,2.1,1.8,3.5,1.7,0,0,1.9,3.4,2.6,2.7,2.1,3.3,2.7,2.6,2.2,1.8,2781.46,342065.043,400396.415
MX-SLP,San Luis Potosí,Carencias promedio,2018,2,1.8,3.4,1.6,0,0,1.9,3.3,2.5,2.5,2,3.1,2.6,2.5,2.2,1.7,2825.16,370089.916,501660.08
MX-SIN,Sinaloa,Carencias promedio,2008,2.5,2.3,3.9,2,0,0,2.2,3.6,2.8,2.9,2.5,3.5,3.3,3,2.9,2.3,2745.89,316380.798,260205.206
MX-SIN,Sinaloa,Carencias promedio,2010,2.2,2,3.6,1.8,0,0,2,3.5,2.6,2.7,2.3,3.5,3.2,2.7,2.2,1.8,2806.7,312655.113,277104.769
MX-SIN,Sinaloa,Carencias promedio,2012,2.2,2,3.7,1.8,0,0,2,3.5,2.6,2.7,2.2,3.3,3.2,2.6,2.1,1.9,2893.42,330191.387,325175.665
MX-SIN,Sinaloa,Carencias promedio,2014,2.2,2,3.5,1.8,0,0,2,3.5,2.6,2.7,2.2,3.4,3.2,2.6,2.1,1.9,2976.48,340077.857,344506.492
MX-SIN,Sinaloa,Carencias promedio,2016,2.1,1.9,3.7,1.7,0,0,1.9,3.5,2.5,2.7,2.1,3.1,3,2.5,2.1,1.7,3049.38,376438.398,423219.311
MX-SIN,Sinaloa,Carencias promedio,2018,2.1,2,3.7,1.7,0,0,1.9,3.5,2.4,2.7,2.1,3.2,2.9,2.4,2.2,1.8,3104.61,390504.775,482808.424
MX-SON,Sonora,Carencias promedio,2008,2.4,2.2,3.7,1.8,0,0,2.1,3.6,2.6,2.8,2.3,3.2,3.2,2.8,2.7,2.1,2590.98,436717.189,360308.272
MX-SON,Sonora,Carencias promedio,2010,2.4,2.1,3.8,1.8,0,0,2.1,3.6,2.7,2.9,2.4,3.3,3.3,2.6,2.5,2,2687.48,431501.919,385750.835
MX-SON,Sonora,Carencias promedio,2012,2.2,2,3.6,1.7,0,0,1.9,3.5,2.4,2.7,2.1,3,3.1,2.5,2.5,1.9,2769.54,495926.031,488557.575
MX-SON,Sonora,Carencias promedio,2014,2,1.8,3.4,1.7,0,0,1.8,3.4,2.3,2.6,2.1,2.7,2.8,2.3,1.9,1.6,2847.82,522896.949,535720.341
MX-SON,Sonora,Carencias promedio,2016,2,1.9,3.5,1.7,0,0,1.8,3.4,2.3,2.5,2,2.8,2.8,2.3,2,1.6,2922.67,578945.379,663322.554
MX-SON,Sonora,Carencias promedio,2018,2,1.8,3.5,1.7,0,0,1.8,3.4,2.4,2.6,2,2.9,2.7,2.3,1.9,1.5,3000.13,581395.25,762759.786
MX-TAB,Tabasco,Carencias promedio,2008,2.7,2.3,3.7,2.1,0,0,2.4,3.6,3.3,3.2,2.6,3.6,3.3,3.3,2.9,2.5,2167.69,475202.827,414905.271
MX-TAB,Tabasco,Carencias promedio,2010,2.7,2.4,3.7,2.1,0,0,2.5,3.6,3.4,3.3,2.6,3.6,3.2,3.2,2.9,2.5,2255.25,525011.917,449415.171
MX-TAB,Tabasco,Carencias promedio,2012,2.7,2.4,3.6,2.1,0,0,2.5,3.6,3.4,3.2,2.6,3.5,3.1,3.2,2.8,2.6,2325.37,564003.811,592703.438
MX-TAB,Tabasco,Carencias promedio,2014,2.6,2.4,3.6,2.1,0,0,2.4,3.5,3.3,3.2,2.6,3.6,3,2.9,2.9,2.5,2393.66,564794.238,575966.401
MX-TAB,Tabasco,Carencias promedio,2016,2.5,2.3,3.5,2.1,0,0,2.4,3.4,3.2,3.2,2.6,3.5,2.9,2.8,2.8,2.4,2457.37,534685.495,454246.599
MX-TAB,Tabasco,Carencias promedio,2018,2.5,2.3,3.5,2,0,0,2.3,3.4,3.3,3.2,2.5,3.4,2.9,2.8,2.7,2.4,2515.93,468708.681,498585.882
MX-TAM,Tamaulipas,Carencias promedio,2008,2.2,2,3.5,1.8,0,0,2,3.4,2.5,2.6,2.1,2.9,2.9,2.7,2.2,1.8,3221.33,483350.662,429771.347
MX-TAM,Tamaulipas,Carencias promedio,2010,2.1,1.9,3.6,1.6,0,0,1.9,3.4,2.5,2.6,2.1,3.1,2.7,2.7,2.2,1.7,3310.31,448215.116,406896.616
MX-TAM,Tamaulipas,Carencias promedio,2012,2,1.8,3.6,1.7,0,0,1.9,3.4,2.4,2.6,2.1,2.8,2.9,2.4,2,1.6,3390.26,466371.322,462474.737
MX-TAM,Tamaulipas,Carencias promedio,2014,2,1.8,3.4,1.7,0,0,1.9,3.4,2.3,2.5,2.1,2.9,2.7,2.3,1.9,1.5,3461.85,477891.309,498626.182
MX-TAM,Tamaulipas,Carencias promedio,2016,1.9,1.7,3.3,1.6,0,0,1.7,3.3,2.1,2.5,1.9,2.6,2.6,2.1,1.8,1.4,3527.1,500458.048,578652.506
MX-TAM,Tamaulipas,Carencias promedio,2018,1.8,1.6,3.5,1.6,0,0,1.7,3.3,2.1,2.4,1.9,2.6,2.6,2.2,1.7,1.3,3590.49,507780.727,669164.565
MX-TLA,Tlaxcala,Carencias promedio,2008,2.3,2.1,3.6,2.1,0,0,2.3,3.5,3,2.7,2.4,3.5,3.5,3,2.4,2.1,1148.11,83246.79,67699.514
MX-TLA,Tlaxcala,Carencias promedio,2010,2.2,2,3.5,1.8,0,0,2.1,3.5,3,2.8,2.2,3.3,3.3,2.9,2.2,2,1185.87,88809.886,78454.866
MX-TLA,Tlaxcala,Carencias promedio,2012,2.2,1.9,3.5,1.8,0,0,2.1,3.5,2.9,2.7,2.2,3.2,3.2,2.7,2.2,2,1229.57,89918.601,88109.739
MX-TLA,Tlaxcala,Carencias promedio,2014,1.9,1.7,3.5,1.6,0,0,1.8,3.4,2.6,2.6,1.9,3.1,3,2.6,1.9,1.7,1273.77,90362.518,93828.437
MX-TLA,Tlaxcala,Carencias promedio,2016,1.8,1.6,3.3,1.6,0,0,1.7,3.3,2.4,2.6,1.8,2.7,2.6,2.4,1.9,1.6,1314.42,96859.667,109834.483
MX-TLA,Tlaxcala,Carencias promedio,2018,1.8,1.7,3.2,1.6,0,0,1.7,3.3,2.5,2.6,1.8,2.7,2.9,2.4,1.7,1.6,1347.93,99024.914,126446.673
MX-VER,Veracruz,Carencias promedio,2008,3.2,2.8,4.1,2.4,0,0,2.9,3.9,3.7,3.5,3.1,3.9,3.7,3.9,3.6,3,7561.55,704314.03,580223.999
MX-VER,Veracruz,Carencias promedio,2010,2.9,2.4,3.9,2.2,0,0,2.7,3.7,3.5,3.3,2.9,3.8,3.5,3.5,3.1,2.7,7747.68,718148.55,639238.481
MX-VER,Veracruz,Carencias promedio,2012,2.7,2.3,3.7,2.1,0,0,2.5,3.6,3.2,3.3,2.7,3.6,3.2,3.2,2.9,2.5,7957.24,779730.434,777750.647
MX-VER,Veracruz,Carencias promedio,2014,2.7,2.2,3.7,2,0,0,2.5,3.6,3.2,3.2,2.7,3.7,3.2,3.3,2.8,2.5,8150.88,780785.356,810516.492
MX-VER,Veracruz,Carencias promedio,2016,2.5,2.1,3.6,1.9,0,0,2.3,3.5,3,3,2.5,3.3,3,3,2.7,2.3,8316.6,784930.108,862619.629
MX-VER,Veracruz,Carencias promedio,2018,2.5,2.1,3.6,2,0,0,2.4,3.5,3.1,3.1,2.5,3.4,3,2.9,2.7,2.3,8434.16,794376.31,983738.137
MX-YUC,Yucatán,Carencias promedio,2008,2.8,2.6,3.9,2.2,0,0,2.6,3.8,3.3,3.3,2.8,3.7,3.3,3.7,3.1,2.6,1929.92,193158.623,159011.746
MX-YUC,Yucatán,Carencias promedio,2010,2.7,2.3,3.8,2,0,0,2.4,3.6,3.1,3.1,2.7,3.6,3.1,3.2,3,2.4,1979.7,196149.981,175773.5
MX-YUC,Yucatán,Carencias promedio,2012,2.7,2.4,3.7,2.1,0,0,2.5,3.6,3.2,3.1,2.7,3.6,3.1,3.3,2.8,2.4,2041.58,214700.599,209189.067
MX-YUC,Yucatán,Carencias promedio,2014,2.5,2.1,3.6,2,0,0,2.3,3.5,2.9,2.9,2.5,3.4,2.9,3,2.5,2.1,2100.82,223858.768,232467.744
MX-YUC,Yucatán,Carencias promedio,2016,2.4,2.1,3.6,1.9,0,0,2.1,3.5,2.8,2.8,2.4,3.2,2.8,2.7,2.6,2.1,2155.88,242505.306,275534.828
MX-YUC,Yucatán,Carencias promedio,2018,2.4,2.1,3.6,1.9,0,0,2.2,3.4,2.8,2.8,2.4,3.2,2.7,2.9,2.6,2.1,2208.24,260417.828,329373.441
MX-ZAC,Zacatecas,Carencias promedio,2008,2.3,2,3.6,1.9,0,0,2.2,3.5,2.8,2.8,2.3,3.5,3.3,3,2.4,2,1465.79,126383.577,102382.135
MX-ZAC,Zacatecas,Carencias promedio,2010,2.2,1.9,3.5,1.8,0,0,2.1,3.4,2.7,2.8,2.2,3.6,3,2.7,2.2,1.9,1508.11,144730.56,130183.528
MX-ZAC,Zacatecas,Carencias promedio,2012,1.9,1.7,3.4,1.6,0,0,1.9,3.3,2.4,2.6,2,3,3,2.6,1.9,1.7,1548.01,148728.64,157643.57
MX-ZAC,Zacatecas,Carencias promedio,2014,1.8,1.6,3.3,1.6,0,0,1.8,3.3,2.2,2.5,1.9,2.9,2.6,2.5,1.8,1.6,1584.74,156808.457,156773.426
MX-ZAC,Zacatecas,Carencias promedio,2016,1.7,1.6,3.2,1.6,0,0,1.6,3.2,2.1,2.5,1.7,2.6,2.4,2.3,1.6,1.4,1616.68,157998.056,187277.522
MX-ZAC,Zacatecas,Carencias promedio,2018,1.7,1.6,3.3,1.6,0,0,1.7,3.3,2.1,2.5,1.7,2.6,2.6,2.3,1.7,1.5,1642.39,156725.476,205854.33